[
  {
    "id": "318d6fa1-b569-4b4c-9405-c8dbb4ec1ee8",
    "data": [
      {
        "text": "are sheets obligatory",
        "userDefined": false
      }
    ],
    "isTemplate": false,
    "count": 0,
    "updated": 0
  },
  {
    "id": "cdf04ad7-4387-4158-87c6-238117ec3949",
    "data": [
      {
        "text": "do i need sheets",
        "userDefined": false
      }
    ],
    "isTemplate": false,
    "count": 0,
    "updated": 0
  },
  {
    "id": "d919bf97-746e-41ff-ab76-acece99cb4b4",
    "data": [
      {
        "text": "how often change sheets",
        "userDefined": false
      }
    ],
    "isTemplate": false,
    "count": 0,
    "updated": 0
  },
  {
    "id": "b7130ce3-1f56-497f-9a78-8a7adb1d8144",
    "data": [
      {
        "text": "vaihdanko lakanat",
        "userDefined": false
      }
    ],
    "isTemplate": false,
    "count": 0,
    "updated": 0
  },
  {
    "id": "5fc70f7d-0f4c-4b9a-a3bc-9c427f01dc07",
    "data": [
      {
        "text": "lakanoiden vaihto",
        "userDefined": false
      }
    ],
    "isTemplate": false,
    "count": 0,
    "updated": 0
  },
  {
    "id": "85d14638-27cb-4505-aea5-6b079b0f6b9d",
    "data": [
      {
        "text": "do i have to change sheets",
        "userDefined": false
      }
    ],
    "isTemplate": false,
    "count": 0,
    "updated": 0
  }
]