[
  {
    "id": "dce65301-4e6e-4a7c-9ef4-ec8c30df2ef9",
    "data": [
      {
        "text": "likaiset sukat",
        "userDefined": false
      }
    ],
    "isTemplate": false,
    "count": 0,
    "updated": 0
  },
  {
    "id": "ffc7ee86-51ba-4238-b58a-588f2e4b00fc",
    "data": [
      {
        "text": "vaihda sukat",
        "userDefined": false
      }
    ],
    "isTemplate": false,
    "count": 0,
    "updated": 0
  },
  {
    "id": "cd918b2e-505a-4d75-9bee-4de5f69c9602",
    "data": [
      {
        "text": "sukat",
        "userDefined": false
      }
    ],
    "isTemplate": false,
    "count": 0,
    "updated": 0
  },
  {
    "id": "384e1c27-cf9e-4441-923b-a4c6661ce18a",
    "data": [
      {
        "text": "changing socks",
        "userDefined": false
      }
    ],
    "isTemplate": false,
    "count": 0,
    "updated": 0
  },
  {
    "id": "2e1e7c59-8757-4ed1-ab1b-34cc55345385",
    "data": [
      {
        "text": "do i need to change socks",
        "userDefined": false
      }
    ],
    "isTemplate": false,
    "count": 0,
    "updated": 0
  },
  {
    "id": "587c1ce7-ea7f-4b05-9ae5-fe215a331cc6",
    "data": [
      {
        "text": "how often i need to change underwear",
        "userDefined": false
      }
    ],
    "isTemplate": false,
    "count": 0,
    "updated": 0
  },
  {
    "id": "b4917ecf-de36-4930-8248-b2c2e8c21ad6",
    "data": [
      {
        "text": "how often i need to change undies",
        "userDefined": false
      }
    ],
    "isTemplate": false,
    "count": 0,
    "updated": 0
  },
  {
    "id": "28529567-2e7f-4536-945d-bfec43551c21",
    "data": [
      {
        "text": "do i need to change underwear",
        "userDefined": false
      }
    ],
    "isTemplate": false,
    "count": 0,
    "updated": 0
  },
  {
    "id": "f2f50871-4327-41ff-8fe2-9a7a51f82bc3",
    "data": [
      {
        "text": "when i have to change underwear",
        "userDefined": false
      }
    ],
    "isTemplate": false,
    "count": 0,
    "updated": 0
  },
  {
    "id": "674a0d1a-8740-4f90-bb84-ec521a10a993",
    "data": [
      {
        "text": "changing undies",
        "userDefined": false
      }
    ],
    "isTemplate": false,
    "count": 0,
    "updated": 0
  },
  {
    "id": "8f9e6a9e-972e-4171-b4c9-598c2fac8d07",
    "data": [
      {
        "text": "changing boxers",
        "userDefined": false
      }
    ],
    "isTemplate": false,
    "count": 0,
    "updated": 0
  },
  {
    "id": "c2f28e10-0fc9-450a-b656-244d8fd2026d",
    "data": [
      {
        "text": "kalsarien vaihtaminen",
        "userDefined": false
      }
    ],
    "isTemplate": false,
    "count": 0,
    "updated": 0
  }
]