[
  {
    "id": "5ac98853-8cce-45d1-b1b9-aac4edfe3e3e",
    "data": [
      {
        "text": "prepare potatoes",
        "userDefined": false
      }
    ],
    "isTemplate": false,
    "count": 0,
    "updated": 0
  },
  {
    "id": "87f28905-374d-4287-982f-babf4291207b",
    "data": [
      {
        "text": "cooking taters",
        "userDefined": false
      }
    ],
    "isTemplate": false,
    "count": 0,
    "updated": 0
  },
  {
    "id": "f93612a5-36d4-4a58-ae27-dc79083d1e3d",
    "data": [
      {
        "text": "keitä perunat",
        "userDefined": false
      }
    ],
    "isTemplate": false,
    "count": 0,
    "updated": 0
  },
  {
    "id": "7edf58e9-6a79-4435-b9b3-236ba1c27516",
    "data": [
      {
        "text": "perunan keitto",
        "userDefined": false
      }
    ],
    "isTemplate": false,
    "count": 0,
    "updated": 0
  },
  {
    "id": "f9137cfc-bc72-4585-832f-d5474dfb0d7d",
    "data": [
      {
        "text": "cooking potatoes",
        "userDefined": false
      }
    ],
    "isTemplate": false,
    "count": 0,
    "updated": 0
  },
  {
    "id": "854577f9-44fe-4ed3-a7ee-1f0cb9aacf35",
    "data": [
      {
        "text": "boiling potatoes",
        "userDefined": false
      }
    ],
    "isTemplate": false,
    "count": 0,
    "updated": 0
  },
  {
    "id": "3fc285c3-521d-4fef-9d82-20f56de88c73",
    "data": [
      {
        "text": "how to cook potatoes",
        "userDefined": false
      }
    ],
    "isTemplate": false,
    "count": 0,
    "updated": 0
  }
]