[
  {
    "id": "1d537e95-659e-448a-9c3f-c5a3f344b0e4",
    "data": [
      {
        "text": "hey granny",
        "userDefined": false
      }
    ],
    "isTemplate": false,
    "count": 0,
    "updated": 0
  },
  {
    "id": "4aaaaf08-ab0f-4e0e-bad4-3d55ec9e4a30",
    "data": [
      {
        "text": "Hey granny",
        "userDefined": false
      }
    ],
    "isTemplate": false,
    "count": 1,
    "updated": 0
  },
  {
    "id": "cc55ca0c-3b0d-4084-86f4-320005426f7b",
    "data": [
      {
        "text": "good morning granny",
        "userDefined": false
      }
    ],
    "isTemplate": false,
    "count": 0,
    "updated": 0
  },
  {
    "id": "81a85a49-df28-434b-b1dc-638e232e2baf",
    "data": [
      {
        "text": "hi",
        "userDefined": false
      }
    ],
    "isTemplate": false,
    "count": 2,
    "updated": 0
  },
  {
    "id": "24645c33-5863-4538-9670-13c5a5da62da",
    "data": [
      {
        "text": "moi",
        "userDefined": false
      }
    ],
    "isTemplate": false,
    "count": 1,
    "updated": 0
  },
  {
    "id": "b4cd0e09-0f7f-423a-b4d9-34f6bd43cdd1",
    "data": [
      {
        "text": "hello",
        "userDefined": false
      }
    ],
    "isTemplate": false,
    "count": 7,
    "updated": 0
  },
  {
    "id": "2a1bb25d-4b9a-4ae9-be01-5127a214d814",
    "data": [
      {
        "text": "Good morning!",
        "userDefined": false
      }
    ],
    "isTemplate": false,
    "count": 0,
    "updated": 0
  },
  {
    "id": "8a243a45-4bcd-498b-b7f4-112defe2ec17",
    "data": [
      {
        "text": "hola",
        "userDefined": false
      }
    ],
    "isTemplate": false,
    "count": 2,
    "updated": 0
  },
  {
    "id": "38ee36f2-9826-436c-b5d5-931bd8282160",
    "data": [
      {
        "text": "Good morning granny!",
        "userDefined": false
      }
    ],
    "isTemplate": false,
    "count": 0,
    "updated": 0
  },
  {
    "id": "9b3fda4c-eb1c-468a-8ae3-22a50e1d41ab",
    "data": [
      {
        "text": "No morjenttes!",
        "userDefined": false
      }
    ],
    "isTemplate": false,
    "count": 0,
    "updated": 0
  },
  {
    "id": "cb84c144-7fdd-4fdf-9748-991051f7ddbe",
    "data": [
      {
        "text": "terveppä tereve",
        "userDefined": false
      }
    ],
    "isTemplate": false,
    "count": 0,
    "updated": 0
  },
  {
    "id": "960257c4-7229-4f87-8505-55abc79212be",
    "data": [
      {
        "text": "heissan",
        "userDefined": false
      }
    ],
    "isTemplate": false,
    "count": 0,
    "updated": 0
  },
  {
    "id": "9237b3d4-403f-47fe-96b5-ee4d6a758846",
    "data": [
      {
        "text": "heipsan",
        "userDefined": false
      }
    ],
    "isTemplate": false,
    "count": 0,
    "updated": 0
  },
  {
    "id": "4c800c9e-ad23-450b-b9ae-537b9918dc2f",
    "data": [
      {
        "text": "hellurei",
        "userDefined": false
      }
    ],
    "isTemplate": false,
    "count": 0,
    "updated": 0
  },
  {
    "id": "bf7456b8-953e-4d06-945c-02862ba5e29e",
    "data": [
      {
        "text": "hellurei ja hellät tunteet",
        "userDefined": false
      }
    ],
    "isTemplate": false,
    "count": 0,
    "updated": 0
  },
  {
    "id": "29d344f4-b681-42b7-87b0-a3b052ea9311",
    "data": [
      {
        "text": "Morjes!",
        "userDefined": false
      }
    ],
    "isTemplate": false,
    "count": 0,
    "updated": 0
  },
  {
    "id": "cbb52025-a545-4db8-81c9-a8fc721159bb",
    "data": [
      {
        "text": "Moikkis!",
        "userDefined": false
      }
    ],
    "isTemplate": false,
    "count": 0,
    "updated": 0
  },
  {
    "id": "f9662ef9-38e4-4e6d-b73b-a618fd58951d",
    "data": [
      {
        "text": "Tervepä terve!",
        "userDefined": false
      }
    ],
    "isTemplate": false,
    "count": 0,
    "updated": 0
  },
  {
    "id": "22a10a4b-07b3-44dd-bc4e-c1ff133c9c11",
    "data": [
      {
        "text": "Terppa!",
        "userDefined": false
      }
    ],
    "isTemplate": false,
    "count": 0,
    "updated": 0
  },
  {
    "id": "74a7ddf6-794e-46d3-a16a-628b4ed2676e",
    "data": [
      {
        "text": "Tjenare!",
        "userDefined": false
      }
    ],
    "isTemplate": false,
    "count": 0,
    "updated": 0
  },
  {
    "id": "4bd714b8-54e1-482f-888b-9461ce4f69c7",
    "data": [
      {
        "text": "Tjena!",
        "userDefined": false
      }
    ],
    "isTemplate": false,
    "count": 0,
    "updated": 0
  },
  {
    "id": "70683a9f-c538-4a72-b7ad-8de3ad0467f0",
    "data": [
      {
        "text": "hejsan!",
        "userDefined": false
      }
    ],
    "isTemplate": false,
    "count": 0,
    "updated": 0
  },
  {
    "id": "226eb1cf-c3f1-4bb8-9ed6-11601472b35f",
    "data": [
      {
        "text": "Hej på dig!",
        "userDefined": false
      }
    ],
    "isTemplate": false,
    "count": 0,
    "updated": 0
  },
  {
    "id": "89e560a1-112e-4101-9eb8-279a3eb84ad2",
    "data": [
      {
        "text": "Hej!",
        "userDefined": false
      }
    ],
    "isTemplate": false,
    "count": 0,
    "updated": 0
  },
  {
    "id": "d5130b5c-fe13-432d-a285-372676821875",
    "data": [
      {
        "text": "päivää",
        "userDefined": false
      }
    ],
    "isTemplate": false,
    "count": 0,
    "updated": 0
  },
  {
    "id": "62d021a2-2be4-47f2-8e23-b730d1286158",
    "data": [
      {
        "text": "päevää",
        "userDefined": false
      }
    ],
    "isTemplate": false,
    "count": 0,
    "updated": 0
  },
  {
    "id": "d5259329-40ad-4259-a5a2-adae4a831459",
    "data": [
      {
        "text": "moro moro",
        "userDefined": false
      }
    ],
    "isTemplate": false,
    "count": 0,
    "updated": 0
  },
  {
    "id": "f22cbae9-a430-44db-886e-a89eea7618c8",
    "data": [
      {
        "text": "morjenttes",
        "userDefined": false
      }
    ],
    "isTemplate": false,
    "count": 0,
    "updated": 0
  },
  {
    "id": "ed1411ca-3cfd-4c01-ac13-72b7699e99f7",
    "data": [
      {
        "text": "moro",
        "userDefined": false
      }
    ],
    "isTemplate": false,
    "count": 0,
    "updated": 0
  },
  {
    "id": "baa6faf9-04fe-4358-b08f-f0f9be50faca",
    "data": [
      {
        "text": "terve",
        "userDefined": false
      }
    ],
    "isTemplate": false,
    "count": 0,
    "updated": 0
  },
  {
    "id": "0b02c113-18fc-4ef9-ae25-7c88c299b11b",
    "data": [
      {
        "text": "Good morning grandma!",
        "userDefined": false
      }
    ],
    "isTemplate": false,
    "count": 0,
    "updated": 0
  },
  {
    "id": "c7d016ee-c758-4100-81d6-aece2b7691cc",
    "data": [
      {
        "text": "hey",
        "userDefined": false
      }
    ],
    "isTemplate": false,
    "count": 2,
    "updated": 0
  },
  {
    "id": "a2df1404-1b25-4777-a869-99730be91384",
    "data": [
      {
        "text": "sup",
        "userDefined": false
      }
    ],
    "isTemplate": false,
    "count": 1,
    "updated": 0
  },
  {
    "id": "a7766e83-8401-44c0-a3a1-38bf14f46800",
    "data": [
      {
        "text": "hello grandma!",
        "userDefined": false
      }
    ],
    "isTemplate": false,
    "count": 0,
    "updated": 0
  },
  {
    "id": "a77c57f0-8ff4-4d82-a92b-b539ea2294bd",
    "data": [
      {
        "text": "Hey Granny",
        "userDefined": false
      }
    ],
    "isTemplate": false,
    "count": 0,
    "updated": 0
  },
  {
    "id": "46e8749b-16c1-48e9-a421-255d0a86c640",
    "data": [
      {
        "text": "hello again",
        "userDefined": false
      }
    ],
    "isTemplate": false,
    "count": 0,
    "updated": 0
  },
  {
    "id": "dba705fd-4347-4ac3-ad91-dc17904f354c",
    "data": [
      {
        "text": "I greet you",
        "userDefined": false
      }
    ],
    "isTemplate": false,
    "count": 0,
    "updated": 0
  },
  {
    "id": "d06dc7b5-61c9-43f9-ae27-0e29d8439dae",
    "data": [
      {
        "text": "hello there",
        "userDefined": false
      }
    ],
    "isTemplate": false,
    "count": 0,
    "updated": 0
  },
  {
    "id": "5cfce775-0ad0-4864-a592-d10924b26d50",
    "data": [
      {
        "text": "a good day",
        "userDefined": false
      }
    ],
    "isTemplate": false,
    "count": 0,
    "updated": 0
  },
  {
    "id": "1b794a26-7e1b-42b6-8a81-d8dc51b0bb9c",
    "data": [
      {
        "text": "just going to say hi",
        "userDefined": false
      }
    ],
    "isTemplate": false,
    "count": 0,
    "updated": 0
  },
  {
    "id": "2e561388-3903-43d9-bca1-eabc87a8fc10",
    "data": [
      {
        "text": "heya",
        "userDefined": false
      }
    ],
    "isTemplate": false,
    "count": 0,
    "updated": 0
  },
  {
    "id": "9f56ccca-f6ce-4a34-89bb-d219855e858f",
    "data": [
      {
        "text": "howdy",
        "userDefined": false
      }
    ],
    "isTemplate": false,
    "count": 0,
    "updated": 0
  },
  {
    "id": "ca6abfb2-7cc8-4ba4-8093-b5453cf44292",
    "data": [
      {
        "text": "hey there",
        "userDefined": false
      }
    ],
    "isTemplate": false,
    "count": 0,
    "updated": 0
  },
  {
    "id": "0e06b25b-4e4f-488e-8432-875d88dbddbd",
    "data": [
      {
        "text": "hello hi",
        "userDefined": false
      }
    ],
    "isTemplate": false,
    "count": 0,
    "updated": 0
  },
  {
    "id": "9dd91027-a81f-41ff-81ee-3c0163248261",
    "data": [
      {
        "text": "greetings",
        "userDefined": false
      }
    ],
    "isTemplate": false,
    "count": 0,
    "updated": 0
  },
  {
    "id": "9cfcae23-c33d-4cb1-b6e7-04a9bded4234",
    "data": [
      {
        "text": "hi there",
        "userDefined": false
      }
    ],
    "isTemplate": false,
    "count": 1,
    "updated": 0
  },
  {
    "id": "cecce74d-5d71-4070-9471-6a5133e32a1e",
    "data": [
      {
        "text": "lovely day isn\u0027t it",
        "userDefined": false
      }
    ],
    "isTemplate": false,
    "count": 0,
    "updated": 0
  },
  {
    "id": "c4902474-7426-4122-8083-934a57c045cd",
    "data": [
      {
        "text": "long time no see",
        "userDefined": false
      }
    ],
    "isTemplate": false,
    "count": 0,
    "updated": 0
  }
]