[
  {
    "id": "482b364e-a0ff-496d-868a-7b7079d7ed5e",
    "data": [
      {
        "text": "; foo",
        "userDefined": false
      }
    ],
    "isTemplate": false,
    "count": 0,
    "updated": 0
  },
  {
    "id": "df89c930-80a3-4cfb-8e65-e009580eba48",
    "data": [
      {
        "text": "I know kung fu.",
        "userDefined": false
      }
    ],
    "isTemplate": false,
    "count": 0,
    "updated": 0
  },
  {
    "id": "1ff3863d-1b36-4d37-bbd4-1cf96770216c",
    "data": [
      {
        "text": "what",
        "userDefined": false
      }
    ],
    "isTemplate": false,
    "count": 0,
    "updated": 0
  },
  {
    "id": "e63ba563-a068-490f-a137-654002467bb2",
    "data": [
      {
        "text": "LOL",
        "userDefined": false
      }
    ],
    "isTemplate": false,
    "count": 0,
    "updated": 0
  },
  {
    "id": "8321aec7-5b5e-4c47-baac-709b2e9b2c2f",
    "data": [
      {
        "text": "lol",
        "userDefined": false
      }
    ],
    "isTemplate": false,
    "count": 0,
    "updated": 0
  },
  {
    "id": "eb8d3692-d265-4d48-afb1-6ea2cc1c3ba5",
    "data": [
      {
        "text": "hahaha",
        "userDefined": false
      }
    ],
    "isTemplate": false,
    "count": 0,
    "updated": 0
  },
  {
    "id": "1e579d9d-7173-4811-aa62-bbc5bee9b44b",
    "data": [
      {
        "text": "ghlfjskg",
        "userDefined": false
      }
    ],
    "isTemplate": false,
    "count": 0,
    "updated": 0
  },
  {
    "id": "edd93ca0-d3ef-4c5f-83ea-e28e21d66b56",
    "data": [
      {
        "text": "hgirghrl",
        "userDefined": false
      }
    ],
    "isTemplate": false,
    "count": 0,
    "updated": 0
  },
  {
    "id": "d5c24636-304d-4063-bc38-239e48d93baf",
    "data": [
      {
        "text": "that again",
        "userDefined": false
      }
    ],
    "isTemplate": false,
    "count": 1,
    "updated": 0
  },
  {
    "id": "f1e25160-b26a-4797-ba81-2dcfccce7a7f",
    "data": [
      {
        "text": "it again",
        "userDefined": false
      }
    ],
    "isTemplate": false,
    "count": 0,
    "updated": 0
  },
  {
    "id": "01f1abc2-fdd0-40da-bbb9-734bab42a347",
    "data": [
      {
        "text": "lkjhlkhlk",
        "userDefined": false
      }
    ],
    "isTemplate": false,
    "count": 0,
    "updated": 0
  },
  {
    "id": "7235d7ae-ff82-46d6-a934-0664654d6208",
    "data": [
      {
        "text": "one more time",
        "userDefined": false
      }
    ],
    "isTemplate": false,
    "count": 0,
    "updated": 0
  }
]