[
  {
    "id": "8927246a-5bb7-4831-a9ed-15dba434bd1c",
    "data": [
      {
        "text": "number of ",
        "userDefined": false
      },
      {
        "text": "@sys.any",
        "alias": "any",
        "meta": "@sys.any",
        "userDefined": true
      },
      {
        "text": " niksit",
        "userDefined": false
      }
    ],
    "isTemplate": false,
    "count": 0,
    "updated": 0
  },
  {
    "id": "e995d4d4-43b1-4e71-936d-fec11b946c29",
    "data": [
      {
        "text": "count of ",
        "userDefined": false
      },
      {
        "text": "@sys.any",
        "alias": "any",
        "meta": "@sys.any",
        "userDefined": true
      },
      {
        "text": " hacks",
        "userDefined": false
      }
    ],
    "isTemplate": false,
    "count": 0,
    "updated": 0
  },
  {
    "id": "2ec643a5-f749-4978-8785-07736d265f47",
    "data": [
      {
        "text": "how many hacks use ",
        "userDefined": false
      },
      {
        "text": "@sys.any",
        "alias": "any",
        "meta": "@sys.any",
        "userDefined": true
      }
    ],
    "isTemplate": false,
    "count": 0,
    "updated": 0
  },
  {
    "id": "a59fe69f-7e57-4ac1-8c72-d7b0ac4eaf45",
    "data": [
      {
        "text": "how many ways can ",
        "userDefined": false
      },
      {
        "text": "@sys.any",
        "alias": "any",
        "meta": "@sys.any",
        "userDefined": true
      },
      {
        "text": " be used",
        "userDefined": false
      }
    ],
    "isTemplate": false,
    "count": 0,
    "updated": 0
  },
  {
    "id": "93d4478c-3c55-4aeb-91d4-67be4ba103e0",
    "data": [
      {
        "text": "are there a lot of niksit",
        "userDefined": false
      }
    ],
    "isTemplate": false,
    "count": 0,
    "updated": 0
  },
  {
    "id": "22b8c76d-010b-420c-a4e1-701a18f17594",
    "data": [
      {
        "text": "how many niksi there are",
        "userDefined": false
      }
    ],
    "isTemplate": false,
    "count": 0,
    "updated": 0
  },
  {
    "id": "7b181b70-3fef-4126-8f93-0f4e3cdd946a",
    "data": [
      {
        "text": "how many lifehacks altogether",
        "userDefined": false
      }
    ],
    "isTemplate": false,
    "count": 0,
    "updated": 0
  },
  {
    "id": "0f76dfc0-fdc8-4f86-90e9-ec65a78e6be7",
    "data": [
      {
        "text": "niksicount",
        "userDefined": false
      }
    ],
    "isTemplate": false,
    "count": 0,
    "updated": 0
  },
  {
    "id": "ae255158-398b-4cf4-9e37-07b60c861dbb",
    "data": [
      {
        "text": "niksi count",
        "userDefined": false
      }
    ],
    "isTemplate": false,
    "count": 0,
    "updated": 0
  },
  {
    "id": "79483498-0faf-4528-b200-7b6b397159f6",
    "data": [
      {
        "text": "number of niksit",
        "userDefined": false
      }
    ],
    "isTemplate": false,
    "count": 0,
    "updated": 0
  },
  {
    "id": "61c1a267-81b0-4a2e-af2f-59a733a4643f",
    "data": [
      {
        "text": "how many lifehacks",
        "userDefined": false
      }
    ],
    "isTemplate": false,
    "count": 0,
    "updated": 0
  },
  {
    "id": "373d3666-1c03-4ca1-ac65-2e97d68e2d57",
    "data": [
      {
        "text": "how many ",
        "userDefined": false
      },
      {
        "text": "@sys.any",
        "alias": "any",
        "meta": "@sys.any",
        "userDefined": true
      },
      {
        "text": " niksit",
        "userDefined": false
      }
    ],
    "isTemplate": false,
    "count": 0,
    "updated": 0
  },
  {
    "id": "f3c56f2e-8057-4649-a2fb-e2843c703c32",
    "data": [
      {
        "text": "number of lifehacks",
        "userDefined": false
      }
    ],
    "isTemplate": false,
    "count": 0,
    "updated": 0
  },
  {
    "id": "e78a3b44-8e4a-444d-8832-4179409dfbf9",
    "data": [
      {
        "text": "lifehack count",
        "userDefined": false
      }
    ],
    "isTemplate": false,
    "count": 0,
    "updated": 0
  },
  {
    "id": "57564e36-47dd-4fbd-96c0-f61025b9e377",
    "data": [
      {
        "text": "hack count",
        "userDefined": false
      }
    ],
    "isTemplate": false,
    "count": 0,
    "updated": 0
  },
  {
    "id": "46b8ffd6-2830-4a09-a557-d9bd455fb11c",
    "data": [
      {
        "text": "how many hacks there are",
        "userDefined": false
      }
    ],
    "isTemplate": false,
    "count": 0,
    "updated": 0
  }
]