[
  {
    "id": "f6ab2994-c36f-43c7-9f29-b65449ae27a6",
    "data": [
      {
        "text": "find hack that uses ",
        "userDefined": false
      },
      {
        "text": "@sys.any",
        "alias": "any",
        "meta": "@sys.any",
        "userDefined": true
      }
    ],
    "isTemplate": false,
    "count": 0,
    "updated": 0
  },
  {
    "id": "33bdcb68-bdea-4cc3-ab7f-0b2a113ec89a",
    "data": [
      {
        "text": "niksi for ",
        "userDefined": false
      },
      {
        "text": "@sys.any",
        "alias": "any",
        "meta": "@sys.any",
        "userDefined": true
      }
    ],
    "isTemplate": false,
    "count": 0,
    "updated": 0
  },
  {
    "id": "1b437d3c-7644-48a6-a983-da6440633206",
    "data": [
      {
        "text": "search hacks for ",
        "userDefined": false
      },
      {
        "text": "@sys.any",
        "alias": "any",
        "meta": "@sys.any",
        "userDefined": true
      }
    ],
    "isTemplate": false,
    "count": 0,
    "updated": 0
  },
  {
    "id": "a7af64fa-1284-4d45-a90e-35efb086a9e5",
    "data": [
      {
        "text": "@sys.any",
        "alias": "any",
        "meta": "@sys.any",
        "userDefined": true
      }
    ],
    "isTemplate": false,
    "count": 0,
    "updated": 0
  }
]