[
  {
    "id": "5f65d133-f950-4427-a8ba-e297e79772a4",
    "data": [
      {
        "text": "random niksi",
        "userDefined": false
      }
    ],
    "isTemplate": false,
    "count": 0,
    "updated": 0
  },
  {
    "id": "2fea1f36-1669-4131-b749-1f52ea506d3b",
    "data": [
      {
        "text": "random hack",
        "userDefined": false
      }
    ],
    "isTemplate": false,
    "count": 0,
    "updated": 0
  },
  {
    "id": "f32db2fe-0236-44a4-a4cf-db0598415e86",
    "data": [
      {
        "text": "get a hack",
        "userDefined": false
      }
    ],
    "isTemplate": false,
    "count": 0,
    "updated": 0
  },
  {
    "id": "02dac36a-8993-4c0e-a8bb-a82f87a7e1b1",
    "data": [
      {
        "text": "get me a niksi",
        "userDefined": false
      }
    ],
    "isTemplate": false,
    "count": 0,
    "updated": 0
  },
  {
    "id": "478f7717-511a-40c5-8fc5-38174351cea0",
    "data": [
      {
        "text": "give me a niksi",
        "userDefined": false
      }
    ],
    "isTemplate": false,
    "count": 0,
    "updated": 0
  },
  {
    "id": "3ca73c0f-28f7-4fda-996a-6d58b9bfb8a1",
    "data": [
      {
        "text": "pirkka\u0027s niksi",
        "userDefined": false
      }
    ],
    "isTemplate": false,
    "count": 0,
    "updated": 0
  },
  {
    "id": "61eeeff8-9f48-4b0b-ba70-42fd8f7325a1",
    "data": [
      {
        "text": "pirkan niksi",
        "userDefined": false
      }
    ],
    "isTemplate": false,
    "count": 0,
    "updated": 0
  },
  {
    "id": "57a6649f-9131-4aaf-a403-68e3975343d8",
    "data": [
      {
        "text": "pirkka-niksi",
        "userDefined": false
      }
    ],
    "isTemplate": false,
    "count": 0,
    "updated": 0
  },
  {
    "id": "463ce5e5-c139-4217-b01d-d9e40beeaa90",
    "data": [
      {
        "text": "any niksi",
        "userDefined": false
      }
    ],
    "isTemplate": false,
    "count": 0,
    "updated": 0
  },
  {
    "id": "7cc47db1-765a-4661-a3bd-43a6ec3ac5dc",
    "data": [
      {
        "text": "niksi",
        "userDefined": false
      }
    ],
    "isTemplate": false,
    "count": 0,
    "updated": 0
  },
  {
    "id": "62a89fd8-44a2-4a8f-9434-ffb10e7a3214",
    "data": [
      {
        "text": "give a hack",
        "userDefined": false
      }
    ],
    "isTemplate": false,
    "count": 0,
    "updated": 0
  },
  {
    "id": "5575d41c-71b9-4512-a2b2-8be3f1c73fb3",
    "data": [
      {
        "text": "hack",
        "userDefined": false
      }
    ],
    "isTemplate": false,
    "count": 0,
    "updated": 0
  },
  {
    "id": "fb515eb9-558b-4b5a-b4d1-a0f7279df261",
    "data": [
      {
        "text": "lifehack",
        "userDefined": false
      }
    ],
    "isTemplate": false,
    "count": 0,
    "updated": 0
  }
]