[
  {
    "id": "a7374f5c-2d3a-4067-81e7-f1dff1b59ad2",
    "data": [
      {
        "text": "how can i get girlfriend",
        "userDefined": false
      }
    ],
    "isTemplate": false,
    "count": 1,
    "updated": 0
  },
  {
    "id": "12ccd5ca-10b2-4c97-83db-d07906c72b0a",
    "data": [
      {
        "text": "i want a girlfriend",
        "userDefined": false
      }
    ],
    "isTemplate": false,
    "count": 0,
    "updated": 0
  },
  {
    "id": "5e74e2fd-c9e3-4742-a602-1194a1809369",
    "data": [
      {
        "text": "how to get a girlfriend",
        "userDefined": false
      }
    ],
    "isTemplate": false,
    "count": 0,
    "updated": 0
  },
  {
    "id": "4949eacb-4428-4094-8be0-1daed81d8494",
    "data": [
      {
        "text": "girlfriend",
        "userDefined": false
      }
    ],
    "isTemplate": false,
    "count": 0,
    "updated": 0
  }
]