[
  {
    "id": "79778e2d-ca00-4a20-8337-b7723c189b51",
    "data": [
      {
        "text": "haha",
        "userDefined": false
      }
    ],
    "isTemplate": false,
    "count": 1,
    "updated": 0
  },
  {
    "id": "c15bfe65-658b-4c1b-b121-ed1b18a7ec6f",
    "data": [
      {
        "text": "ha ha",
        "userDefined": false
      }
    ],
    "isTemplate": false,
    "count": 1,
    "updated": 0
  },
  {
    "id": "73195cd7-b0ab-4486-80b9-ec16d7db17da",
    "data": [
      {
        "text": "ha ha ha",
        "userDefined": false
      }
    ],
    "isTemplate": false,
    "count": 0,
    "updated": 0
  },
  {
    "id": "aab8bffb-4fea-49b0-8baa-7980f56820e7",
    "data": [
      {
        "text": ":smile:",
        "userDefined": false
      }
    ],
    "isTemplate": false,
    "count": 0,
    "updated": 0
  },
  {
    "id": "26b308ca-e054-401e-9fd0-56f00643a6d2",
    "data": [
      {
        "text": "looool",
        "userDefined": false
      }
    ],
    "isTemplate": false,
    "count": 0,
    "updated": 0
  },
  {
    "id": "8e0414ae-774c-49e7-b822-9f4869e671cb",
    "data": [
      {
        "text": "lool",
        "userDefined": false
      }
    ],
    "isTemplate": false,
    "count": 0,
    "updated": 0
  },
  {
    "id": "a94bf53f-0a49-490b-9a79-dc66b7a26af1",
    "data": [
      {
        "text": "Loool",
        "userDefined": false
      }
    ],
    "isTemplate": false,
    "count": 0,
    "updated": 0
  },
  {
    "id": "5f0d6142-3761-4904-82a0-6427ce3b81ae",
    "data": [
      {
        "text": "lolol",
        "userDefined": false
      }
    ],
    "isTemplate": false,
    "count": 0,
    "updated": 0
  },
  {
    "id": "4e02e094-6593-4b78-9555-136206b09ea9",
    "data": [
      {
        "text": "lolololol",
        "userDefined": false
      }
    ],
    "isTemplate": false,
    "count": 0,
    "updated": 0
  },
  {
    "id": "b5010557-f5c3-49d5-9c22-6469a07d5e33",
    "data": [
      {
        "text": "lmfao",
        "userDefined": false
      }
    ],
    "isTemplate": false,
    "count": 0,
    "updated": 0
  },
  {
    "id": "cf28dbe9-d775-4b0f-b3d5-5e1830c786d6",
    "data": [
      {
        "text": "ha ha ha ha haa",
        "userDefined": false
      }
    ],
    "isTemplate": false,
    "count": 0,
    "updated": 0
  },
  {
    "id": "02250e47-adb6-45b3-96b6-a8578f76853a",
    "data": [
      {
        "text": "ha ha ha ha",
        "userDefined": false
      }
    ],
    "isTemplate": false,
    "count": 0,
    "updated": 0
  },
  {
    "id": "ddbe68a5-1d08-4d99-8aa0-cb1408cd9062",
    "data": [
      {
        "text": "haha that\u0027s funny",
        "userDefined": false
      }
    ],
    "isTemplate": false,
    "count": 0,
    "updated": 0
  },
  {
    "id": "d93fc264-ee1c-4b6e-959a-7e6267802749",
    "data": [
      {
        "text": ":joy:",
        "userDefined": false
      }
    ],
    "isTemplate": false,
    "count": 0,
    "updated": 0
  },
  {
    "id": "e8b305df-fdd9-41d7-9e9b-36d328d2e7ad",
    "data": [
      {
        "text": "ahah",
        "userDefined": false
      }
    ],
    "isTemplate": false,
    "count": 1,
    "updated": 0
  },
  {
    "id": "36b075fe-3ea0-4883-bb1a-dd76cbea8bd7",
    "data": [
      {
        "text": "haha funny",
        "userDefined": false
      }
    ],
    "isTemplate": false,
    "count": 0,
    "updated": 0
  },
  {
    "id": "991f30ec-3e6e-4d6a-af19-ae60e402d161",
    "data": [
      {
        "text": "he",
        "userDefined": false
      }
    ],
    "isTemplate": false,
    "count": 0,
    "updated": 0
  },
  {
    "id": "ac36b222-a1bc-4da0-ae5f-9a80f5f843e2",
    "data": [
      {
        "text": "lol",
        "userDefined": false
      }
    ],
    "isTemplate": false,
    "count": 0,
    "updated": 0
  },
  {
    "id": "31a06144-d270-42e5-b6e1-958f68d3f163",
    "data": [
      {
        "text": "haha haha haha",
        "userDefined": false
      }
    ],
    "isTemplate": false,
    "count": 0,
    "updated": 0
  },
  {
    "id": "b3dc4503-b5bb-43a4-b4af-fc0970dcc361",
    "data": [
      {
        "text": "hahaha very funny",
        "userDefined": false
      }
    ],
    "isTemplate": false,
    "count": 0,
    "updated": 0
  },
  {
    "id": "f390ea93-af85-4eaa-881a-7cfc8298dc40",
    "data": [
      {
        "text": "LMAO",
        "userDefined": false
      }
    ],
    "isTemplate": false,
    "count": 0,
    "updated": 0
  },
  {
    "id": "28ebff98-f044-4d3a-8fb9-c6d6f11cbf89",
    "data": [
      {
        "text": "ahahaha",
        "userDefined": false
      }
    ],
    "isTemplate": false,
    "count": 0,
    "updated": 0
  },
  {
    "id": "9c1564b4-ddee-43b8-ae0c-3a1b29468eec",
    "data": [
      {
        "text": "hah",
        "userDefined": false
      }
    ],
    "isTemplate": false,
    "count": 0,
    "updated": 0
  },
  {
    "id": "f87de74d-7364-4879-90ae-11e555cd411a",
    "data": [
      {
        "text": "heh heh",
        "userDefined": false
      }
    ],
    "isTemplate": false,
    "count": 0,
    "updated": 0
  },
  {
    "id": "9e563ac3-5565-4a17-b80d-8e0935489e6b",
    "data": [
      {
        "text": "heh",
        "userDefined": false
      }
    ],
    "isTemplate": false,
    "count": 0,
    "updated": 0
  },
  {
    "id": "dbce8d00-c4bb-413d-9a9c-27b036073b53",
    "data": [
      {
        "text": "hehehe",
        "userDefined": false
      }
    ],
    "isTemplate": false,
    "count": 0,
    "updated": 0
  },
  {
    "id": "b447c43c-1646-42de-b631-4affdedf3cc1",
    "data": [
      {
        "text": "ha",
        "userDefined": false
      }
    ],
    "isTemplate": false,
    "count": 0,
    "updated": 0
  },
  {
    "id": "5a70e3c6-8984-447f-9270-23387cc6e58d",
    "data": [
      {
        "text": "hahaha",
        "userDefined": false
      }
    ],
    "isTemplate": false,
    "count": 0,
    "updated": 0
  },
  {
    "id": "67d0baf1-4d72-4a7f-a068-7cdbeb874a28",
    "data": [
      {
        "text": "ahahah",
        "userDefined": false
      }
    ],
    "isTemplate": false,
    "count": 0,
    "updated": 0
  }
]