[
  {
    "id": "34ee14c1-8ee6-4fd5-aa5d-6e44c5eaf78f",
    "data": [
      {
        "text": "i\u0027m joking",
        "userDefined": false
      }
    ],
    "isTemplate": false,
    "count": 0,
    "updated": 0
  },
  {
    "id": "4be55483-4e10-4ba4-a29f-d5f87f8fb2ff",
    "data": [
      {
        "text": "messing with you",
        "userDefined": false
      }
    ],
    "isTemplate": false,
    "count": 0,
    "updated": 0
  },
  {
    "id": "c63b1188-639c-4629-98fe-6e4df527371f",
    "data": [
      {
        "text": "playing with you",
        "userDefined": false
      }
    ],
    "isTemplate": false,
    "count": 0,
    "updated": 0
  },
  {
    "id": "405c456b-a2b4-474a-9e57-7a24af38c92c",
    "data": [
      {
        "text": "i\u0027m playing with you",
        "userDefined": false
      }
    ],
    "isTemplate": false,
    "count": 0,
    "updated": 0
  },
  {
    "id": "e1ab2e2b-5235-4f74-91f3-a9b8886a246e",
    "data": [
      {
        "text": "just playing with you",
        "userDefined": false
      }
    ],
    "isTemplate": false,
    "count": 0,
    "updated": 0
  },
  {
    "id": "783926bf-51d0-472c-91ab-bcbe23bb8adf",
    "data": [
      {
        "text": "just kidding",
        "userDefined": false
      }
    ],
    "isTemplate": false,
    "count": 0,
    "updated": 0
  },
  {
    "id": "f9cd6c48-ff23-46c2-9163-76e7551718b6",
    "data": [
      {
        "text": "kidding",
        "userDefined": false
      }
    ],
    "isTemplate": false,
    "count": 0,
    "updated": 0
  },
  {
    "id": "ee505b30-bb9a-44de-ba9b-f5daaf38d1f9",
    "data": [
      {
        "text": "I\u0027m just being funny",
        "userDefined": false
      }
    ],
    "isTemplate": false,
    "count": 0,
    "updated": 0
  },
  {
    "id": "44afe9ea-ebac-4492-b376-1188854d947d",
    "data": [
      {
        "text": "I\u0027m kidding",
        "userDefined": false
      }
    ],
    "isTemplate": false,
    "count": 0,
    "updated": 0
  },
  {
    "id": "0327168a-ccdf-4353-b436-b509dcd2e8c9",
    "data": [
      {
        "text": "it\u0027s a joke",
        "userDefined": false
      }
    ],
    "isTemplate": false,
    "count": 0,
    "updated": 0
  },
  {
    "id": "4f0cea08-2e4f-49e3-8396-93c4a5a73689",
    "data": [
      {
        "text": "I was just joking",
        "userDefined": false
      }
    ],
    "isTemplate": false,
    "count": 0,
    "updated": 0
  },
  {
    "id": "3eb54f0e-d903-4663-bbc9-f8dd8baee948",
    "data": [
      {
        "text": "I am joking",
        "userDefined": false
      }
    ],
    "isTemplate": false,
    "count": 0,
    "updated": 0
  },
  {
    "id": "de8a88ec-8318-45cc-9e64-418a153bb685",
    "data": [
      {
        "text": "joking",
        "userDefined": false
      }
    ],
    "isTemplate": false,
    "count": 1,
    "updated": 0
  },
  {
    "id": "02622242-b81c-4070-b311-8f0624a80633",
    "data": [
      {
        "text": "it was a joke",
        "userDefined": false
      }
    ],
    "isTemplate": false,
    "count": 1,
    "updated": 0
  },
  {
    "id": "fa2a3e2b-aaa5-4cb5-b220-0d995783ce6c",
    "data": [
      {
        "text": "I\u0027m just playing with you",
        "userDefined": false
      }
    ],
    "isTemplate": false,
    "count": 0,
    "updated": 0
  }
]