[
  {
    "id": "539830f2-9546-4000-8430-e90fe870af6a",
    "data": [
      {
        "text": "great work",
        "userDefined": false
      }
    ],
    "isTemplate": false,
    "count": 1,
    "updated": 0
  },
  {
    "id": "da47a460-f6e6-4b5a-8604-dc64b7b7eef9",
    "data": [
      {
        "text": "good job",
        "userDefined": false
      }
    ],
    "isTemplate": false,
    "count": 0,
    "updated": 0
  },
  {
    "id": "37a6841e-55f6-4a02-9b9a-7f6d0b5fccfc",
    "data": [
      {
        "text": "great job",
        "userDefined": false
      }
    ],
    "isTemplate": false,
    "count": 0,
    "updated": 0
  },
  {
    "id": "47789f74-a305-463c-881f-d0825f9a2e92",
    "data": [
      {
        "text": "well done",
        "userDefined": false
      }
    ],
    "isTemplate": false,
    "count": 0,
    "updated": 0
  },
  {
    "id": "754d1cb8-b7a6-4b39-83d0-7051849e0cac",
    "data": [
      {
        "text": "amazing work",
        "userDefined": false
      }
    ],
    "isTemplate": false,
    "count": 0,
    "updated": 0
  },
  {
    "id": "431b61b9-ab48-499e-8c2b-c2de6846b5ee",
    "data": [
      {
        "text": "nice work",
        "userDefined": false
      }
    ],
    "isTemplate": false,
    "count": 1,
    "updated": 0
  },
  {
    "id": "cf0eb23f-f578-4ae0-9a30-d95876f11bc0",
    "data": [
      {
        "text": "way to go",
        "userDefined": false
      }
    ],
    "isTemplate": false,
    "count": 0,
    "updated": 0
  },
  {
    "id": "c5ca1bc3-1273-4e36-a2ed-3cd6b37918ec",
    "data": [
      {
        "text": "bravo",
        "userDefined": false
      }
    ],
    "isTemplate": false,
    "count": 0,
    "updated": 0
  },
  {
    "id": "9d38be52-c5f1-40be-934a-2cb4115d0317",
    "data": [
      {
        "text": "good work",
        "userDefined": false
      }
    ],
    "isTemplate": false,
    "count": 0,
    "updated": 0
  }
]