[
  {
    "id": "f57edff1-ee78-4d7a-9cd3-cbde56b573a4",
    "data": [
      {
        "text": "i\u0027ll see you in ",
        "userDefined": false
      },
      {
        "text": "10",
        "alias": "number",
        "meta": "@sys.number",
        "userDefined": false
      }
    ],
    "isTemplate": false,
    "count": 0,
    "updated": 0
  },
  {
    "id": "ecfefe80-0f66-4109-808f-d1f90b8d2230",
    "data": [
      {
        "text": "be back in ",
        "userDefined": false
      },
      {
        "text": "5",
        "alias": "number",
        "meta": "@sys.number",
        "userDefined": false
      }
    ],
    "isTemplate": false,
    "count": 0,
    "updated": 0
  },
  {
    "id": "ac481a9f-cff2-4c8f-be18-df4e693a2716",
    "data": [
      {
        "text": "i\u0027m coming back soon",
        "userDefined": false
      }
    ],
    "isTemplate": false,
    "count": 0,
    "updated": 0
  },
  {
    "id": "143b9647-9e2d-4e84-b497-3795d5f99d50",
    "data": [
      {
        "text": "be back ",
        "userDefined": false
      },
      {
        "text": "in 5 minutes",
        "alias": "time",
        "meta": "@sys.time",
        "userDefined": false
      }
    ],
    "isTemplate": false,
    "count": 0,
    "updated": 0
  },
  {
    "id": "db5ced06-bb24-428f-bf24-4ef64ca5fc5f",
    "data": [
      {
        "text": "brb",
        "userDefined": false
      }
    ],
    "isTemplate": false,
    "count": 0,
    "updated": 0
  },
  {
    "id": "52607793-4e29-4bae-8cce-c3d4900233b5",
    "data": [
      {
        "text": "i\u0027ll come back soon",
        "userDefined": false
      }
    ],
    "isTemplate": false,
    "count": 0,
    "updated": 0
  },
  {
    "id": "01b9d1a6-fac4-438c-b305-430be72dc45b",
    "data": [
      {
        "text": "i promise to come back",
        "userDefined": false
      }
    ],
    "isTemplate": false,
    "count": 0,
    "updated": 0
  },
  {
    "id": "3c8c9f6b-28e8-4a8e-8c1e-0cdc8137480b",
    "data": [
      {
        "text": "i\u0027ll get back to you in a moment",
        "userDefined": false
      }
    ],
    "isTemplate": false,
    "count": 0,
    "updated": 0
  },
  {
    "id": "f6d5f402-ebd9-413f-849e-7229f9ee277c",
    "data": [
      {
        "text": "i\u0027ll be back",
        "userDefined": false
      }
    ],
    "isTemplate": false,
    "count": 0,
    "updated": 0
  },
  {
    "id": "b0941623-7e41-4846-8bd9-4c25739b40cf",
    "data": [
      {
        "text": "i\u0027ll be back soon",
        "userDefined": false
      }
    ],
    "isTemplate": false,
    "count": 1,
    "updated": 0
  },
  {
    "id": "7d0db7c2-3b3b-45f2-9e3b-7203352bac37",
    "data": [
      {
        "text": "i\u0027ll be back in a few minutes",
        "userDefined": false
      }
    ],
    "isTemplate": false,
    "count": 0,
    "updated": 0
  }
]