[
  {
    "id": "f287c927-b3ce-4880-a601-70113c098416",
    "data": [
      {
        "text": "sup",
        "userDefined": false
      }
    ],
    "isTemplate": false,
    "count": 1,
    "updated": 0
  },
  {
    "id": "877caed4-d204-4f59-8ad4-20c12c95e4f5",
    "data": [
      {
        "text": "waddup",
        "userDefined": false
      }
    ],
    "isTemplate": false,
    "count": 1,
    "updated": 0
  },
  {
    "id": "99ede137-cb4f-4e37-b498-5aeb53f39d0e",
    "data": [
      {
        "text": "what\u0027s up",
        "userDefined": false
      }
    ],
    "isTemplate": false,
    "count": 1,
    "updated": 0
  },
  {
    "id": "5c6de7f8-77e3-4fd3-b490-09a77eec518e",
    "data": [
      {
        "text": "whaddup",
        "userDefined": false
      }
    ],
    "isTemplate": false,
    "count": 1,
    "updated": 0
  },
  {
    "id": "04a0c1a5-f326-457b-8a3c-a7e0c9e26d2c",
    "data": [
      {
        "text": "what\u0027s up grams?",
        "userDefined": false
      }
    ],
    "isTemplate": false,
    "count": 1,
    "updated": 0
  },
  {
    "id": "07f9a449-f8fb-4e07-b5c3-16f34756608d",
    "data": [
      {
        "text": "What\u0027s up?",
        "userDefined": false
      }
    ],
    "isTemplate": false,
    "count": 0,
    "updated": 0
  },
  {
    "id": "a0d1b60b-4f82-4911-a280-425a1105484b",
    "data": [
      {
        "text": "whazzzzzzup",
        "userDefined": false
      }
    ],
    "isTemplate": false,
    "count": 0,
    "updated": 0
  },
  {
    "id": "aab4193c-344b-4f8a-9bc3-1b6205bed493",
    "data": [
      {
        "text": "whazzup",
        "userDefined": false
      }
    ],
    "isTemplate": false,
    "count": 0,
    "updated": 0
  },
  {
    "id": "3ca86d27-6263-442e-808c-01c624a21aae",
    "data": [
      {
        "text": "whatca doin",
        "userDefined": false
      }
    ],
    "isTemplate": false,
    "count": 0,
    "updated": 0
  },
  {
    "id": "fb255eda-abd8-4533-b61a-21544812863e",
    "data": [
      {
        "text": "what\u0027s up with the flow",
        "userDefined": false
      }
    ],
    "isTemplate": false,
    "count": 0,
    "updated": 0
  },
  {
    "id": "98986156-ff53-4644-9c04-661300dc41bb",
    "data": [
      {
        "text": "what\u0027s popping",
        "userDefined": false
      }
    ],
    "isTemplate": false,
    "count": 0,
    "updated": 0
  },
  {
    "id": "3d9d884d-e23c-4984-a313-d734f8601541",
    "data": [
      {
        "text": "what is new with you",
        "userDefined": false
      }
    ],
    "isTemplate": false,
    "count": 0,
    "updated": 0
  },
  {
    "id": "37fbe1cb-f735-42e8-b283-a94a1f79ce33",
    "data": [
      {
        "text": "what is new",
        "userDefined": false
      }
    ],
    "isTemplate": false,
    "count": 0,
    "updated": 0
  },
  {
    "id": "c48d6f59-2b8e-4783-9210-954934926d1a",
    "data": [
      {
        "text": "what\u0027s kickin\u0027 little chicken",
        "userDefined": false
      }
    ],
    "isTemplate": false,
    "count": 0,
    "updated": 0
  },
  {
    "id": "28905917-0462-4148-85fb-aa48c637a1cc",
    "data": [
      {
        "text": "what\u0027s good in the hood",
        "userDefined": false
      }
    ],
    "isTemplate": false,
    "count": 0,
    "updated": 0
  },
  {
    "id": "565b4042-9c5a-404d-94ed-6805e9d339ac",
    "data": [
      {
        "text": "what\u0027s going on",
        "userDefined": false
      }
    ],
    "isTemplate": false,
    "count": 1,
    "updated": 0
  },
  {
    "id": "309c7317-8517-45dc-8866-140208acbd28",
    "data": [
      {
        "text": "what\u0027s cracking",
        "userDefined": false
      }
    ],
    "isTemplate": false,
    "count": 0,
    "updated": 0
  },
  {
    "id": "5d3e492d-a595-4fe4-8aa8-1e245bffc5f9",
    "data": [
      {
        "text": "what\u0027s baking",
        "userDefined": false
      }
    ],
    "isTemplate": false,
    "count": 0,
    "updated": 0
  },
  {
    "id": "75db8ee3-c4b2-4b34-bc7b-7bf54f0dc0d7",
    "data": [
      {
        "text": "what\u0027s up ",
        "userDefined": false
      },
      {
        "text": "today",
        "meta": "@sys.ignore",
        "userDefined": false
      }
    ],
    "isTemplate": false,
    "count": 0,
    "updated": 0
  },
  {
    "id": "f81fb83a-d57e-4b8d-972e-ed622436b82f",
    "data": [
      {
        "text": "what\u0027s up homie",
        "userDefined": false
      }
    ],
    "isTemplate": false,
    "count": 0,
    "updated": 0
  },
  {
    "id": "a7b8eefe-4b39-4b4f-948c-d020542e7fb4",
    "data": [
      {
        "text": "what\u0027s the word hummindbird",
        "userDefined": false
      }
    ],
    "isTemplate": false,
    "count": 0,
    "updated": 0
  },
  {
    "id": "55575493-07fe-4ba2-9892-d0233ceaa3fe",
    "data": [
      {
        "text": "what\u0027s the word",
        "userDefined": false
      }
    ],
    "isTemplate": false,
    "count": 0,
    "updated": 0
  },
  {
    "id": "438193e1-dc69-4c68-8e4f-b80874894299",
    "data": [
      {
        "text": "what\u0027s sizzling",
        "userDefined": false
      }
    ],
    "isTemplate": false,
    "count": 0,
    "updated": 0
  },
  {
    "id": "f4beb3be-e12a-4c83-82ed-9588397c2d9d",
    "data": [
      {
        "text": "what\u0027s shaking",
        "userDefined": false
      }
    ],
    "isTemplate": false,
    "count": 0,
    "updated": 0
  },
  {
    "id": "b676ada5-d5b9-4966-87ab-9062b062309b",
    "data": [
      {
        "text": "what\u0027s new",
        "userDefined": false
      }
    ],
    "isTemplate": false,
    "count": 0,
    "updated": 0
  },
  {
    "id": "e2ba21d2-efa8-40b4-a8ca-812d8c076f8b",
    "data": [
      {
        "text": "what\u0027s good homegirl",
        "userDefined": false
      }
    ],
    "isTemplate": false,
    "count": 1,
    "updated": 0
  },
  {
    "id": "3707bdf7-c2e2-4366-ad08-b396f27e1918",
    "data": [
      {
        "text": "what\u0027s cooking",
        "userDefined": false
      }
    ],
    "isTemplate": false,
    "count": 0,
    "updated": 0
  },
  {
    "id": "4ea44be3-ba9a-4801-b9ac-34bd60870a21",
    "data": [
      {
        "text": "what is happening",
        "userDefined": false
      }
    ],
    "isTemplate": false,
    "count": 0,
    "updated": 0
  },
  {
    "id": "6033a36c-288d-4d1b-a20b-aa23d207c0db",
    "data": [
      {
        "text": "what is up",
        "userDefined": false
      }
    ],
    "isTemplate": false,
    "count": 0,
    "updated": 0
  },
  {
    "id": "b8e502e3-fa16-472d-8b32-c0a15633f963",
    "data": [
      {
        "text": "what is going on",
        "userDefined": false
      }
    ],
    "isTemplate": false,
    "count": 0,
    "updated": 0
  },
  {
    "id": "64881a5d-146a-43f0-be65-973b977397ac",
    "data": [
      {
        "text": "what are you up to",
        "userDefined": false
      }
    ],
    "isTemplate": false,
    "count": 0,
    "updated": 0
  },
  {
    "id": "e30b2d26-f2dd-4c5f-a1d6-b65f5658b1ee",
    "data": [
      {
        "text": "yo what\u0027s up",
        "userDefined": false
      }
    ],
    "isTemplate": false,
    "count": 0,
    "updated": 0
  },
  {
    "id": "fb61e980-2ef7-44f6-b7aa-8904f2a078d4",
    "data": [
      {
        "text": "whaddup yo",
        "userDefined": false
      }
    ],
    "isTemplate": false,
    "count": 0,
    "updated": 0
  },
  {
    "id": "166c4c4a-605e-4cad-99e9-98ccfd9e4fa6",
    "data": [
      {
        "text": "wassup",
        "userDefined": false
      }
    ],
    "isTemplate": false,
    "count": 0,
    "updated": 0
  },
  {
    "id": "28ae9c7c-de67-4b49-97b7-c0a05c875e0c",
    "data": [
      {
        "text": "wagwan",
        "userDefined": false
      }
    ],
    "isTemplate": false,
    "count": 0,
    "updated": 0
  },
  {
    "id": "884aa10b-129f-4c7c-83f6-c5353ecaf224",
    "data": [
      {
        "text": "ua mai oe",
        "userDefined": false
      }
    ],
    "isTemplate": false,
    "count": 0,
    "updated": 0
  },
  {
    "id": "0e999f14-fa42-4a31-ab38-35499a746c0d",
    "data": [
      {
        "text": "whatsup",
        "userDefined": false
      }
    ],
    "isTemplate": false,
    "count": 0,
    "updated": 0
  },
  {
    "id": "a187e13f-96cd-414f-a944-16dee0dd5a22",
    "data": [
      {
        "text": "que tal",
        "userDefined": false
      }
    ],
    "isTemplate": false,
    "count": 0,
    "updated": 0
  },
  {
    "id": "bcef5dcd-e1fd-454a-b5b8-3e7698eb6da2",
    "data": [
      {
        "text": "qué tal",
        "userDefined": false
      }
    ],
    "isTemplate": false,
    "count": 0,
    "updated": 0
  },
  {
    "id": "06195f3e-a1bd-43a7-914d-4e68b9082bd2",
    "data": [
      {
        "text": "pos eisai",
        "userDefined": false
      }
    ],
    "isTemplate": false,
    "count": 0,
    "updated": 0
  },
  {
    "id": "662c824d-5491-40c9-9947-024b7e7050f3",
    "data": [
      {
        "text": "i said what\u0027s up",
        "userDefined": false
      }
    ],
    "isTemplate": false,
    "count": 0,
    "updated": 0
  },
  {
    "id": "b74b2706-ceea-42b5-acf7-726d2520e9c0",
    "data": [
      {
        "text": "hey what\u0027s up",
        "userDefined": false
      }
    ],
    "isTemplate": false,
    "count": 0,
    "updated": 0
  },
  {
    "id": "393a7f9b-8e71-4556-a226-19652b72e1c0",
    "data": [
      {
        "text": "hey einstein, still cracking the old theory",
        "userDefined": false
      }
    ],
    "isTemplate": false,
    "count": 1,
    "updated": 0
  },
  {
    "id": "b5b97af9-7e21-487c-91d2-2d436d86e901",
    "data": [
      {
        "text": "good what\u0027s up",
        "userDefined": false
      }
    ],
    "isTemplate": false,
    "count": 0,
    "updated": 0
  },
  {
    "id": "7fc786c1-1a40-4c99-9d31-15e3f8818537",
    "data": [
      {
        "text": "como estas",
        "userDefined": false
      }
    ],
    "isTemplate": false,
    "count": 0,
    "updated": 0
  },
  {
    "id": "0abb9155-b79d-4cd3-bb35-0264cebff4c4",
    "data": [
      {
        "text": "sup my homeslice",
        "userDefined": false
      }
    ],
    "isTemplate": false,
    "count": 0,
    "updated": 0
  }
]