[
  {
    "id": "858e7eb2-fb1a-456e-919f-1265455fe57a",
    "data": [
      {
        "text": "Nice talking to you",
        "userDefined": false
      }
    ],
    "isTemplate": false,
    "count": 0,
    "updated": 0
  },
  {
    "id": "515e39a6-76bc-4585-a728-7bb662aacc21",
    "data": [
      {
        "text": "this was a good conversation thank you",
        "userDefined": false
      }
    ],
    "isTemplate": false,
    "count": 0,
    "updated": 0
  },
  {
    "id": "79599272-7396-47af-86cb-e378e22cbba9",
    "data": [
      {
        "text": "this has been a fun chat",
        "userDefined": false
      }
    ],
    "isTemplate": false,
    "count": 0,
    "updated": 0
  },
  {
    "id": "6f315432-4ef4-4a6b-86be-daf474705c8c",
    "data": [
      {
        "text": "thanks for the conversation",
        "userDefined": false
      }
    ],
    "isTemplate": false,
    "count": 0,
    "updated": 0
  },
  {
    "id": "ef3e6f32-ffed-47cf-98e4-40ed195aab36",
    "data": [
      {
        "text": "thanks for the chat",
        "userDefined": false
      }
    ],
    "isTemplate": false,
    "count": 0,
    "updated": 0
  },
  {
    "id": "1b4cdabc-59cc-4c56-aa36-7c80dae9a60f",
    "data": [
      {
        "text": "i\u0027ve had fun writing with you",
        "userDefined": false
      }
    ],
    "isTemplate": false,
    "count": 0,
    "updated": 0
  },
  {
    "id": "9379bd26-3f67-4416-a5b0-5a1dfe3bc79a",
    "data": [
      {
        "text": "i like to talk to you",
        "userDefined": false
      }
    ],
    "isTemplate": false,
    "count": 0,
    "updated": 0
  },
  {
    "id": "30248ff8-7e45-454b-a3cc-4e053a91b6cb",
    "data": [
      {
        "text": "it\u0027s fun to talk to you",
        "userDefined": false
      }
    ],
    "isTemplate": false,
    "count": 0,
    "updated": 0
  },
  {
    "id": "b81b69ec-87ee-4fc9-97cf-b05a5e9aa1cc",
    "data": [
      {
        "text": "this has been such a lovely chat",
        "userDefined": false
      }
    ],
    "isTemplate": false,
    "count": 0,
    "updated": 0
  },
  {
    "id": "b922a703-8023-49ce-a1f8-a3fae8a058bf",
    "data": [
      {
        "text": "i enjoyed this conversation",
        "userDefined": false
      }
    ],
    "isTemplate": false,
    "count": 0,
    "updated": 0
  },
  {
    "id": "b627410d-b60d-46ca-b7cb-1bc65538c725",
    "data": [
      {
        "text": "this was a fun conversation",
        "userDefined": false
      }
    ],
    "isTemplate": false,
    "count": 0,
    "updated": 0
  },
  {
    "id": "5ab3bd49-bb44-4c7a-b188-53081f4f1038",
    "data": [
      {
        "text": "i like talking to you",
        "userDefined": false
      }
    ],
    "isTemplate": false,
    "count": 0,
    "updated": 0
  },
  {
    "id": "405b249d-d4b4-4302-8ccc-0093a565f5f3",
    "data": [
      {
        "text": "it\u0027s been fun talking to you",
        "userDefined": false
      }
    ],
    "isTemplate": false,
    "count": 0,
    "updated": 0
  },
  {
    "id": "79caf852-7d3a-4fc6-9535-73636918444f",
    "data": [
      {
        "text": "it\u0027s been fun chatting with you",
        "userDefined": false
      }
    ],
    "isTemplate": false,
    "count": 0,
    "updated": 0
  },
  {
    "id": "3daaf06a-2816-4da2-9751-8a2abbd9575b",
    "data": [
      {
        "text": "lovely to talk to you",
        "userDefined": false
      }
    ],
    "isTemplate": false,
    "count": 0,
    "updated": 0
  },
  {
    "id": "60a19e06-ffff-4f04-aac3-b9037f7ad5f3",
    "data": [
      {
        "text": "nice talking to you",
        "userDefined": false
      }
    ],
    "isTemplate": false,
    "count": 0,
    "updated": 0
  },
  {
    "id": "867cc33e-7655-4d8a-8e3b-76114c5c1ffa",
    "data": [
      {
        "text": "it\u0027s nice to talk to you",
        "userDefined": false
      }
    ],
    "isTemplate": false,
    "count": 0,
    "updated": 0
  },
  {
    "id": "d38f5b74-275a-4809-ba3d-d7e018c6c1a1",
    "data": [
      {
        "text": "how nice it is to talk to you",
        "userDefined": false
      }
    ],
    "isTemplate": false,
    "count": 0,
    "updated": 0
  },
  {
    "id": "a4108f1d-fc7d-46e7-b71f-89876238c842",
    "data": [
      {
        "text": "it\u0027s been so nice to talk to you",
        "userDefined": false
      }
    ],
    "isTemplate": false,
    "count": 0,
    "updated": 0
  },
  {
    "id": "ff2c04c3-069b-40a8-8053-fee8f859564b",
    "data": [
      {
        "text": "it\u0027s been a pleasure talking to you",
        "userDefined": false
      }
    ],
    "isTemplate": false,
    "count": 0,
    "updated": 0
  },
  {
    "id": "623f4a84-73ea-4cd3-9473-7bc1c0e98de1",
    "data": [
      {
        "text": "it is nice talking to you",
        "userDefined": false
      }
    ],
    "isTemplate": false,
    "count": 0,
    "updated": 0
  },
  {
    "id": "3fe74173-8872-4516-92f0-d94646efcc32",
    "data": [
      {
        "text": "nice to talk to you",
        "userDefined": false
      }
    ],
    "isTemplate": false,
    "count": 0,
    "updated": 0
  }
]