[
  {
    "id": "e48b9a7c-70a6-46e2-8bd2-27fd6694c418",
    "data": [
      {
        "text": "how is the weather ",
        "userDefined": false
      },
      {
        "text": "today",
        "alias": "date",
        "meta": "@sys.date",
        "userDefined": false
      },
      {
        "text": "?",
        "userDefined": false
      }
    ],
    "isTemplate": false,
    "count": 0,
    "updated": 0
  },
  {
    "id": "8870912e-46c2-4259-b030-0a89a0c72260",
    "data": [
      {
        "text": "What’s the weather in Tallinn?",
        "userDefined": false
      }
    ],
    "isTemplate": false,
    "count": 0,
    "updated": 0
  },
  {
    "id": "4552b394-ac3a-42e5-8e51-cd82d0b9d490",
    "data": [
      {
        "text": "whats the wether like?",
        "userDefined": false
      }
    ],
    "isTemplate": false,
    "count": 0,
    "updated": 0
  },
  {
    "id": "8c25a90e-5021-450e-981f-99f5a38923d8",
    "data": [
      {
        "text": "What is the weather like in Turkey ",
        "userDefined": false
      },
      {
        "text": "today",
        "alias": "date",
        "meta": "@sys.date",
        "userDefined": false
      },
      {
        "text": "?",
        "userDefined": false
      }
    ],
    "isTemplate": false,
    "count": 0,
    "updated": 0
  },
  {
    "id": "5d0f49ff-ce14-4681-a418-6076bcd130fa",
    "data": [
      {
        "text": "No. Is it ",
        "userDefined": false
      },
      {
        "text": "sunny",
        "alias": "weathertype",
        "meta": "@weathertype",
        "userDefined": false
      },
      {
        "text": " in helsinki?",
        "userDefined": false
      }
    ],
    "isTemplate": false,
    "count": 0,
    "updated": 0
  },
  {
    "id": "9b3745b7-4558-4bef-9c07-fa9d78a1bfc7",
    "data": [
      {
        "text": "what\u0027s the weather like ",
        "userDefined": false
      },
      {
        "text": "today",
        "alias": "date",
        "meta": "@sys.date",
        "userDefined": false
      }
    ],
    "isTemplate": false,
    "count": 0,
    "updated": 0
  },
  {
    "id": "be308ca5-8255-4173-8937-b2f8fc0f8a40",
    "data": [
      {
        "text": "is it ",
        "userDefined": false
      },
      {
        "text": "cold",
        "alias": "weathertype",
        "meta": "@weathertype",
        "userDefined": false
      },
      {
        "text": " outside",
        "userDefined": false
      }
    ],
    "isTemplate": false,
    "count": 0,
    "updated": 0
  },
  {
    "id": "b7b5040f-d17d-4880-b733-f25712f6c269",
    "data": [
      {
        "text": "is it ",
        "userDefined": false
      },
      {
        "text": "sunny",
        "alias": "weathertype",
        "meta": "@weathertype",
        "userDefined": false
      },
      {
        "text": " outside",
        "userDefined": false
      }
    ],
    "isTemplate": false,
    "count": 0,
    "updated": 0
  },
  {
    "id": "16ad613c-3f6f-435d-9fe4-ef673db395d5",
    "data": [
      {
        "text": "i am going out. do i need an umbrella",
        "userDefined": false
      }
    ],
    "isTemplate": false,
    "count": 0,
    "updated": 0
  },
  {
    "id": "f09f59e6-c5e6-47f6-9995-cd142de3ae35",
    "data": [
      {
        "text": "how is the weather outside",
        "userDefined": false
      }
    ],
    "isTemplate": false,
    "count": 0,
    "updated": 0
  },
  {
    "id": "68151c11-b01f-4162-981c-0b08e8f2c5aa",
    "data": [
      {
        "text": "is it ",
        "userDefined": false
      },
      {
        "text": "snowing",
        "alias": "weathertype",
        "meta": "@weathertype",
        "userDefined": false
      },
      {
        "text": " at the moment",
        "userDefined": false
      }
    ],
    "isTemplate": false,
    "count": 0,
    "updated": 0
  },
  {
    "id": "0e7643b2-0e61-448f-8609-8192231dc49b",
    "data": [
      {
        "text": "how is the weather right now",
        "userDefined": false
      }
    ],
    "isTemplate": false,
    "count": 0,
    "updated": 0
  },
  {
    "id": "270461cd-a918-45a1-977b-2b4045bc169a",
    "data": [
      {
        "text": "is it ",
        "userDefined": false
      },
      {
        "text": "raining",
        "alias": "weathertype",
        "meta": "@weathertype",
        "userDefined": false
      },
      {
        "text": " outside",
        "userDefined": false
      }
    ],
    "isTemplate": false,
    "count": 0,
    "updated": 0
  }
]