[
  {
    "id": "04b69aeb-c011-4d21-b52b-27877e6223b7",
    "data": [
      {
        "text": "Thank you!",
        "userDefined": false
      }
    ],
    "isTemplate": false,
    "count": 0,
    "updated": 0
  },
  {
    "id": "d3ec6bbf-a274-494c-9b13-da3a38bb3347",
    "data": [
      {
        "text": "Great! Thanks!",
        "userDefined": false
      }
    ],
    "isTemplate": false,
    "count": 0,
    "updated": 0
  },
  {
    "id": "19144147-eb41-4ea6-b87d-3de907a40a51",
    "data": [
      {
        "text": "thanks",
        "userDefined": false
      }
    ],
    "isTemplate": false,
    "count": 1,
    "updated": 0
  },
  {
    "id": "c340e6bf-d34c-4247-acf8-ec15a1719bbc",
    "data": [
      {
        "text": "Very well, thank you",
        "userDefined": false
      }
    ],
    "isTemplate": false,
    "count": 0,
    "updated": 0
  },
  {
    "id": "678b605d-39c9-4d34-8d48-8ff4b1cd2172",
    "data": [
      {
        "text": "Thanks",
        "userDefined": false
      }
    ],
    "isTemplate": false,
    "count": 0,
    "updated": 0
  },
  {
    "id": "6efd9756-8589-4308-a010-02a112440a86",
    "data": [
      {
        "text": "Thanks, dear",
        "userDefined": false
      }
    ],
    "isTemplate": false,
    "count": 0,
    "updated": 0
  },
  {
    "id": "8ef93554-ae22-40f3-96a7-debe3f373140",
    "data": [
      {
        "text": "Thank you :heart:",
        "userDefined": false
      }
    ],
    "isTemplate": false,
    "count": 0,
    "updated": 0
  },
  {
    "id": "60f6dd41-489e-4169-a234-5f9adcb1e465",
    "data": [
      {
        "text": "thank you",
        "userDefined": false
      }
    ],
    "isTemplate": false,
    "count": 1,
    "updated": 0
  },
  {
    "id": "d5f8f549-ae6a-4809-9e44-55d6905f87ed",
    "data": [
      {
        "text": "thanks homie",
        "userDefined": false
      }
    ],
    "isTemplate": false,
    "count": 0,
    "updated": 0
  },
  {
    "id": "4c518844-0173-47c3-89af-b6461905ac0a",
    "data": [
      {
        "text": "thaaanks",
        "userDefined": false
      }
    ],
    "isTemplate": false,
    "count": 0,
    "updated": 0
  },
  {
    "id": "550a34aa-161c-4e0d-b5f7-9b82897fd1e3",
    "data": [
      {
        "text": "thanks a lot",
        "userDefined": false
      }
    ],
    "isTemplate": false,
    "count": 0,
    "updated": 0
  },
  {
    "id": "a9579b90-5810-45fb-b1e0-5810f02ee740",
    "data": [
      {
        "text": "that\u0027s very kind of you",
        "userDefined": false
      }
    ],
    "isTemplate": false,
    "count": 0,
    "updated": 0
  },
  {
    "id": "eb3cf61f-203a-4002-968d-32e7b00f7b58",
    "data": [
      {
        "text": "tackar",
        "userDefined": false
      }
    ],
    "isTemplate": false,
    "count": 0,
    "updated": 0
  },
  {
    "id": "8196f834-12b4-4a9a-8eda-9e216068e682",
    "data": [
      {
        "text": "Tack så mycket",
        "userDefined": false
      }
    ],
    "isTemplate": false,
    "count": 0,
    "updated": 0
  },
  {
    "id": "5e245d59-60c3-4186-af9d-f5fe8f9a07f3",
    "data": [
      {
        "text": "danke schön",
        "userDefined": false
      }
    ],
    "isTemplate": false,
    "count": 0,
    "updated": 0
  },
  {
    "id": "fa69014c-209c-4e55-8741-56fd4c612bf6",
    "data": [
      {
        "text": "danke",
        "userDefined": false
      }
    ],
    "isTemplate": false,
    "count": 0,
    "updated": 0
  },
  {
    "id": "942f659c-ce8a-4417-85c7-7e5367bb8276",
    "data": [
      {
        "text": "tack",
        "userDefined": false
      }
    ],
    "isTemplate": false,
    "count": 0,
    "updated": 0
  },
  {
    "id": "87e5237b-79e7-426c-a192-0b86bf3acbdb",
    "data": [
      {
        "text": "takk",
        "userDefined": false
      }
    ],
    "isTemplate": false,
    "count": 0,
    "updated": 0
  },
  {
    "id": "d9366ec8-1a97-4904-9170-f2b2ed1d8f9b",
    "data": [
      {
        "text": "grazie",
        "userDefined": false
      }
    ],
    "isTemplate": false,
    "count": 0,
    "updated": 0
  },
  {
    "id": "4ec3763b-402e-4b74-ba14-45847a8bde31",
    "data": [
      {
        "text": "gracias",
        "userDefined": false
      }
    ],
    "isTemplate": false,
    "count": 0,
    "updated": 0
  },
  {
    "id": "c394f9db-33c8-4aad-908e-f757f76045a7",
    "data": [
      {
        "text": "kiitti",
        "userDefined": false
      }
    ],
    "isTemplate": false,
    "count": 0,
    "updated": 0
  },
  {
    "id": "0fea0550-69a0-40fd-93c9-87cc95c3d9ef",
    "data": [
      {
        "text": "thank you again",
        "userDefined": false
      }
    ],
    "isTemplate": false,
    "count": 0,
    "updated": 0
  },
  {
    "id": "52c2c42c-006a-4582-9327-7f1154ff8da3",
    "data": [
      {
        "text": "thanks again",
        "userDefined": false
      }
    ],
    "isTemplate": false,
    "count": 0,
    "updated": 0
  },
  {
    "id": "7b3f193d-e765-44bb-ad14-1f05bc496516",
    "data": [
      {
        "text": "thanks you",
        "userDefined": false
      }
    ],
    "isTemplate": false,
    "count": 1,
    "updated": 0
  },
  {
    "id": "e077cdb0-d450-4ee3-949f-d1d40cb69bb6",
    "data": [
      {
        "text": "well thank you",
        "userDefined": false
      }
    ],
    "isTemplate": false,
    "count": 0,
    "updated": 0
  },
  {
    "id": "8fb7b003-4674-454b-a3f3-c3773510fbc5",
    "data": [
      {
        "text": "great thanks",
        "userDefined": false
      }
    ],
    "isTemplate": false,
    "count": 0,
    "updated": 0
  },
  {
    "id": "86524a6e-ae2d-4644-8ae7-0b20460daee4",
    "data": [
      {
        "text": "great. thanks",
        "userDefined": false
      }
    ],
    "isTemplate": false,
    "count": 0,
    "updated": 0
  },
  {
    "id": "508ee7eb-8a06-471e-b303-6b2bc368d976",
    "data": [
      {
        "text": "good thanks",
        "userDefined": false
      }
    ],
    "isTemplate": false,
    "count": 0,
    "updated": 0
  },
  {
    "id": "ad92e23d-439e-4e88-ad6f-443c70fd255b",
    "data": [
      {
        "text": "great thank you",
        "userDefined": false
      }
    ],
    "isTemplate": false,
    "count": 2,
    "updated": 0
  },
  {
    "id": "d7a3c4cb-2132-4c46-aedd-13d5d410329b",
    "data": [
      {
        "text": "thnx",
        "userDefined": false
      }
    ],
    "isTemplate": false,
    "count": 0,
    "updated": 0
  },
  {
    "id": "7fb9d65f-0e7b-4316-b57d-affea49ce1c5",
    "data": [
      {
        "text": "thanx",
        "userDefined": false
      }
    ],
    "isTemplate": false,
    "count": 0,
    "updated": 0
  },
  {
    "id": "6f9933dd-67ad-416b-9f2c-1302a6923d4b",
    "data": [
      {
        "text": "i appreciate your help",
        "userDefined": false
      }
    ],
    "isTemplate": false,
    "count": 0,
    "updated": 0
  },
  {
    "id": "701f4011-012d-4184-9bc8-f981d140b14c",
    "data": [
      {
        "text": "i thank you",
        "userDefined": false
      }
    ],
    "isTemplate": false,
    "count": 0,
    "updated": 0
  },
  {
    "id": "8e36938c-7355-4282-89bf-9700ec20b6ae",
    "data": [
      {
        "text": "kiitos",
        "userDefined": false
      }
    ],
    "isTemplate": false,
    "count": 0,
    "updated": 0
  }
]