[
  {
    "id": "1ff8f31e-8049-49a0-950d-894f13f6b1bb",
    "data": [
      {
        "text": "thank you for the offer. have a nice day",
        "userDefined": false
      }
    ],
    "isTemplate": false,
    "count": 0,
    "updated": 0
  },
  {
    "id": "eb83fa38-c0f2-43bb-b07c-7dca5c75925d",
    "data": [
      {
        "text": "see ya",
        "userDefined": false
      }
    ],
    "isTemplate": false,
    "count": 1,
    "updated": 0
  },
  {
    "id": "764e4165-2161-48bf-8794-125e72a64dde",
    "data": [
      {
        "text": "bye",
        "userDefined": false
      }
    ],
    "isTemplate": false,
    "count": 1,
    "updated": 0
  },
  {
    "id": "c410be86-273b-4703-83fb-f61fd5668aab",
    "data": [
      {
        "text": "bye granny",
        "userDefined": false
      }
    ],
    "isTemplate": false,
    "count": 0,
    "updated": 0
  },
  {
    "id": "3442561d-1364-40bd-b5c3-64ce791b45da",
    "data": [
      {
        "text": "bye granma",
        "userDefined": false
      }
    ],
    "isTemplate": false,
    "count": 0,
    "updated": 0
  },
  {
    "id": "257d8c50-d338-459e-901c-ef5ae1fe50b9",
    "data": [
      {
        "text": "byeee",
        "userDefined": false
      }
    ],
    "isTemplate": false,
    "count": 0,
    "updated": 0
  },
  {
    "id": "922a3dd9-3b67-44da-9ef6-a6fea04c97ea",
    "data": [
      {
        "text": "bye grandma",
        "userDefined": false
      }
    ],
    "isTemplate": false,
    "count": 1,
    "updated": 0
  },
  {
    "id": "fcc69a89-3a0c-47ea-be28-2234ba5710d8",
    "data": [
      {
        "text": "bye grams!",
        "userDefined": false
      }
    ],
    "isTemplate": false,
    "count": 0,
    "updated": 0
  },
  {
    "id": "f07d02d5-81fb-41c4-82b3-8236d58b7b91",
    "data": [
      {
        "text": "good bye!",
        "userDefined": false
      }
    ],
    "isTemplate": false,
    "count": 0,
    "updated": 0
  },
  {
    "id": "37e06888-57c8-4d29-b4bc-07519164d041",
    "data": [
      {
        "text": "heippa!",
        "userDefined": false
      }
    ],
    "isTemplate": false,
    "count": 1,
    "updated": 0
  },
  {
    "id": "247aa3f6-2d0d-46d5-a4c5-ff7441d293a9",
    "data": [
      {
        "text": "Heippa!",
        "userDefined": false
      }
    ],
    "isTemplate": false,
    "count": 1,
    "updated": 0
  },
  {
    "id": "7a3e3aa4-37b6-4b36-a903-80ab4988d6f5",
    "data": [
      {
        "text": "Bye!",
        "userDefined": false
      }
    ],
    "isTemplate": false,
    "count": 1,
    "updated": 0
  },
  {
    "id": "cc9ae199-5b52-44f0-9614-9695a6fbf79e",
    "data": [
      {
        "text": "See you later alligator!",
        "userDefined": false
      }
    ],
    "isTemplate": false,
    "count": 0,
    "updated": 0
  },
  {
    "id": "400d67ba-d8a7-46c6-a7ae-4a60a4fbb974",
    "data": [
      {
        "text": ":wave:",
        "userDefined": false
      }
    ],
    "isTemplate": false,
    "count": 1,
    "updated": 0
  },
  {
    "id": "09153da3-8ee6-448c-a72d-af9ab90b89ed",
    "data": [
      {
        "text": "moi moi!",
        "userDefined": false
      }
    ],
    "isTemplate": false,
    "count": 0,
    "updated": 0
  },
  {
    "id": "7207239e-5b39-44e4-aa4c-1c69eca42f24",
    "data": [
      {
        "text": "bye!",
        "userDefined": false
      }
    ],
    "isTemplate": false,
    "count": 1,
    "updated": 0
  },
  {
    "id": "fb09ad2d-61cb-4f04-a87f-d479a2cbe91a",
    "data": [
      {
        "text": "näkemiin",
        "userDefined": false
      }
    ],
    "isTemplate": false,
    "count": 1,
    "updated": 0
  },
  {
    "id": "d951f0b5-d533-4ce5-a70b-ecd3167e3220",
    "data": [
      {
        "text": "sayonara",
        "userDefined": false
      }
    ],
    "isTemplate": false,
    "count": 1,
    "updated": 0
  },
  {
    "id": "1d5ed782-79ff-480b-84b3-c841d09616e7",
    "data": [
      {
        "text": "bye bye",
        "userDefined": false
      }
    ],
    "isTemplate": false,
    "count": 1,
    "updated": 0
  },
  {
    "id": "ad2866d9-909e-42ce-8140-864c8ab388cc",
    "data": [
      {
        "text": "later",
        "userDefined": false
      }
    ],
    "isTemplate": false,
    "count": 0,
    "updated": 0
  },
  {
    "id": "7d0bf349-4466-4314-a8c5-34c5476ae90d",
    "data": [
      {
        "text": "take it easy",
        "userDefined": false
      }
    ],
    "isTemplate": false,
    "count": 1,
    "updated": 0
  },
  {
    "id": "183e0aa9-4ef3-4b75-8b26-ce0c14757296",
    "data": [
      {
        "text": "take care",
        "userDefined": false
      }
    ],
    "isTemplate": false,
    "count": 2,
    "updated": 0
  },
  {
    "id": "4fdbb161-0355-495d-a3ff-62e1cbf98264",
    "data": [
      {
        "text": "have a good day",
        "userDefined": false
      }
    ],
    "isTemplate": false,
    "count": 0,
    "updated": 0
  },
  {
    "id": "fbf5df6d-a386-40ba-b510-5ebe864d8115",
    "data": [
      {
        "text": "farewell",
        "userDefined": false
      }
    ],
    "isTemplate": false,
    "count": 0,
    "updated": 0
  },
  {
    "id": "3868a597-d512-4865-83e4-cf49621ba65d",
    "data": [
      {
        "text": "goodbye",
        "userDefined": false
      }
    ],
    "isTemplate": false,
    "count": 1,
    "updated": 0
  },
  {
    "id": "ac89148f-e925-4fdd-8701-7085f84fc46c",
    "data": [
      {
        "text": "adios amigos",
        "userDefined": false
      }
    ],
    "isTemplate": false,
    "count": 0,
    "updated": 0
  },
  {
    "id": "a12fc2d0-bc7c-44b7-8dee-91f300c14444",
    "data": [
      {
        "text": "adieu",
        "userDefined": false
      }
    ],
    "isTemplate": false,
    "count": 0,
    "updated": 0
  },
  {
    "id": "66b13903-1545-4ad7-ad93-7520192f00b8",
    "data": [
      {
        "text": "au revoir",
        "userDefined": false
      }
    ],
    "isTemplate": false,
    "count": 0,
    "updated": 0
  },
  {
    "id": "01ea2be4-3709-4d04-adef-c6c1b08d40ea",
    "data": [
      {
        "text": "hei hei",
        "userDefined": false
      }
    ],
    "isTemplate": false,
    "count": 0,
    "updated": 0
  },
  {
    "id": "81c2d02e-0986-453b-ad77-badc49d34b6c",
    "data": [
      {
        "text": "heippa",
        "userDefined": false
      }
    ],
    "isTemplate": false,
    "count": 0,
    "updated": 0
  },
  {
    "id": "aa26eb89-a6f8-4b7f-8ca0-12cd2d49ce2d",
    "data": [
      {
        "text": "moi moi",
        "userDefined": false
      }
    ],
    "isTemplate": false,
    "count": 0,
    "updated": 0
  },
  {
    "id": "571e8efa-d724-4e0d-92e1-4e1e099d9395",
    "data": [
      {
        "text": "moikka",
        "userDefined": false
      }
    ],
    "isTemplate": false,
    "count": 0,
    "updated": 0
  },
  {
    "id": "b1eed91c-33a6-455e-a8aa-05b0ba9898fa",
    "data": [
      {
        "text": "hasta lasagna",
        "userDefined": false
      }
    ],
    "isTemplate": false,
    "count": 0,
    "updated": 0
  },
  {
    "id": "845e8cdf-2d7f-4080-986d-fe6860dd1bbb",
    "data": [
      {
        "text": "see you in the future",
        "userDefined": false
      }
    ],
    "isTemplate": false,
    "count": 0,
    "updated": 0
  },
  {
    "id": "d7e21c4a-b21f-4988-a077-6fe1ee6878b5",
    "data": [
      {
        "text": "until next time",
        "userDefined": false
      }
    ],
    "isTemplate": false,
    "count": 0,
    "updated": 0
  },
  {
    "id": "d8eec33a-d82b-4f8f-8790-32da7ab68e37",
    "data": [
      {
        "text": "toodaloo",
        "userDefined": false
      }
    ],
    "isTemplate": false,
    "count": 0,
    "updated": 0
  },
  {
    "id": "eea288eb-47ad-4b6a-a054-1746d81ed9c0",
    "data": [
      {
        "text": "I shall return",
        "userDefined": false
      }
    ],
    "isTemplate": false,
    "count": 0,
    "updated": 0
  },
  {
    "id": "739b17b9-0b5c-4b5f-a332-af3f8020e486",
    "data": [
      {
        "text": "bye for now",
        "userDefined": false
      }
    ],
    "isTemplate": false,
    "count": 0,
    "updated": 0
  },
  {
    "id": "a1a7456f-9869-4bd1-83cc-27dfb0fd0d70",
    "data": [
      {
        "text": "gotta roll",
        "userDefined": false
      }
    ],
    "isTemplate": false,
    "count": 0,
    "updated": 0
  },
  {
    "id": "3bf11f3d-f751-4448-a559-79f749a2203f",
    "data": [
      {
        "text": "it was nice seeing you",
        "userDefined": false
      }
    ],
    "isTemplate": false,
    "count": 0,
    "updated": 0
  },
  {
    "id": "91bdef03-237f-4e0f-92fe-14474bcd3755",
    "data": [
      {
        "text": "later haters",
        "userDefined": false
      }
    ],
    "isTemplate": false,
    "count": 0,
    "updated": 0
  },
  {
    "id": "25a700da-1c6c-47b5-ae08-8bac8a6f3dc3",
    "data": [
      {
        "text": "hasta la vista baby",
        "userDefined": false
      }
    ],
    "isTemplate": false,
    "count": 0,
    "updated": 0
  },
  {
    "id": "37d88014-3674-4d30-a76f-ab9b856082f3",
    "data": [
      {
        "text": "I gotta bounce",
        "userDefined": false
      }
    ],
    "isTemplate": false,
    "count": 0,
    "updated": 0
  },
  {
    "id": "3da40969-14b1-4c5b-8a11-80941bcda7fa",
    "data": [
      {
        "text": "gotta get going",
        "userDefined": false
      }
    ],
    "isTemplate": false,
    "count": 0,
    "updated": 0
  },
  {
    "id": "4a308aff-88ae-4bd7-9d79-7546a73d78a0",
    "data": [
      {
        "text": "well i\u0027m off",
        "userDefined": false
      }
    ],
    "isTemplate": false,
    "count": 0,
    "updated": 0
  },
  {
    "id": "705d389f-ccca-4d01-aac7-dd7303d82bd8",
    "data": [
      {
        "text": "gotta go buffalo",
        "userDefined": false
      }
    ],
    "isTemplate": false,
    "count": 0,
    "updated": 0
  },
  {
    "id": "1959771a-eb19-4666-8b8d-76cdbff7dde7",
    "data": [
      {
        "text": "after a while crocodile",
        "userDefined": false
      }
    ],
    "isTemplate": false,
    "count": 0,
    "updated": 0
  },
  {
    "id": "62ac0086-4cb3-4e9a-b324-a50f8c1d688f",
    "data": [
      {
        "text": "I gotta head out",
        "userDefined": false
      }
    ],
    "isTemplate": false,
    "count": 0,
    "updated": 0
  },
  {
    "id": "93f2c56f-c4a1-41c2-8862-49245ad595d0",
    "data": [
      {
        "text": "I gotta hit the road",
        "userDefined": false
      }
    ],
    "isTemplate": false,
    "count": 0,
    "updated": 0
  },
  {
    "id": "c593c92d-3201-4036-bdfc-338d9ad2fc9b",
    "data": [
      {
        "text": "I gotta go",
        "userDefined": false
      }
    ],
    "isTemplate": false,
    "count": 0,
    "updated": 0
  },
  {
    "id": "b7fb4568-c097-4206-8f55-dba5add1cdfe",
    "data": [
      {
        "text": "I gotta take off",
        "userDefined": false
      }
    ],
    "isTemplate": false,
    "count": 0,
    "updated": 0
  },
  {
    "id": "e65ad200-4b85-41e1-bcb0-1fb41857c881",
    "data": [
      {
        "text": "laters",
        "userDefined": false
      }
    ],
    "isTemplate": false,
    "count": 1,
    "updated": 0
  },
  {
    "id": "6d00fcb2-36aa-4807-b621-b89e2f31bad1",
    "data": [
      {
        "text": "goodnight",
        "userDefined": false
      }
    ],
    "isTemplate": false,
    "count": 0,
    "updated": 0
  },
  {
    "id": "00c27548-a720-44e6-b6b7-e56e2777afbe",
    "data": [
      {
        "text": "see you next time",
        "userDefined": false
      }
    ],
    "isTemplate": false,
    "count": 0,
    "updated": 0
  },
  {
    "id": "b9c78f4e-a6f5-4455-a7c1-077c92ea7706",
    "data": [
      {
        "text": "have a good weekend",
        "userDefined": false
      }
    ],
    "isTemplate": false,
    "count": 0,
    "updated": 0
  },
  {
    "id": "73fa8bc8-6857-497d-9002-9257222b14f9",
    "data": [
      {
        "text": "have a nice day",
        "userDefined": false
      }
    ],
    "isTemplate": false,
    "count": 1,
    "updated": 0
  },
  {
    "id": "6a29e832-614f-47fb-9a42-afb1d9752425",
    "data": [
      {
        "text": "I must get going",
        "userDefined": false
      }
    ],
    "isTemplate": false,
    "count": 0,
    "updated": 0
  },
  {
    "id": "702263c3-07ac-42c6-8921-b827d30e361c",
    "data": [
      {
        "text": "I must go",
        "userDefined": false
      }
    ],
    "isTemplate": false,
    "count": 0,
    "updated": 0
  },
  {
    "id": "1b0624c5-948e-4eca-8f82-793709222b8c",
    "data": [
      {
        "text": "I\u0027ve got to get going",
        "userDefined": false
      }
    ],
    "isTemplate": false,
    "count": 0,
    "updated": 0
  },
  {
    "id": "a9ec5ce0-7f44-438b-bd9a-147bf5803894",
    "data": [
      {
        "text": "see you soon",
        "userDefined": false
      }
    ],
    "isTemplate": false,
    "count": 0,
    "updated": 0
  },
  {
    "id": "c24b0d9e-77c4-43fb-b4a1-3d6e7a3c0858",
    "data": [
      {
        "text": "smell you later",
        "userDefined": false
      }
    ],
    "isTemplate": false,
    "count": 0,
    "updated": 0
  },
  {
    "id": "b583bdab-5973-4b2c-82d2-866e67bf373c",
    "data": [
      {
        "text": "I am out",
        "userDefined": false
      }
    ],
    "isTemplate": false,
    "count": 0,
    "updated": 0
  },
  {
    "id": "f5d5523d-d6d0-46f8-bf9d-bf47289d91d1",
    "data": [
      {
        "text": "I\u0027m out",
        "userDefined": false
      }
    ],
    "isTemplate": false,
    "count": 0,
    "updated": 0
  },
  {
    "id": "b1418282-b057-4ed3-828e-32e250a3621d",
    "data": [
      {
        "text": "peace out",
        "userDefined": false
      }
    ],
    "isTemplate": false,
    "count": 0,
    "updated": 0
  },
  {
    "id": "49467ac4-0607-4ef7-9996-b56d24881454",
    "data": [
      {
        "text": "peace",
        "userDefined": false
      }
    ],
    "isTemplate": false,
    "count": 0,
    "updated": 0
  },
  {
    "id": "6acef2cf-a27d-40a1-8979-386644bca556",
    "data": [
      {
        "text": "catch you later",
        "userDefined": false
      }
    ],
    "isTemplate": false,
    "count": 0,
    "updated": 0
  },
  {
    "id": "44c2d7ed-2e93-4ed1-931e-f8ce6bdfde95",
    "data": [
      {
        "text": "so long!",
        "userDefined": false
      }
    ],
    "isTemplate": false,
    "count": 0,
    "updated": 0
  },
  {
    "id": "1f9c55e8-7766-4af5-ab94-93661dcc6a9e",
    "data": [
      {
        "text": "have a good one",
        "userDefined": false
      }
    ],
    "isTemplate": false,
    "count": 0,
    "updated": 0
  },
  {
    "id": "957418d8-53f8-4936-94ff-c770de6fd9f9",
    "data": [
      {
        "text": "talk to you later",
        "userDefined": false
      }
    ],
    "isTemplate": false,
    "count": 2,
    "updated": 0
  },
  {
    "id": "cdc059f3-0d8d-4ea6-ae5b-2ff07117cca8",
    "data": [
      {
        "text": "Auf Wiedersehen",
        "userDefined": false
      }
    ],
    "isTemplate": false,
    "count": 0,
    "updated": 0
  },
  {
    "id": "0c615dc5-8a0f-4856-8257-4eb555901562",
    "data": [
      {
        "text": "ciao",
        "userDefined": false
      }
    ],
    "isTemplate": false,
    "count": 0,
    "updated": 0
  },
  {
    "id": "a3ab496d-ac03-45ca-881a-d05795cd1ebc",
    "data": [
      {
        "text": "Tschüss",
        "userDefined": false
      }
    ],
    "isTemplate": false,
    "count": 0,
    "updated": 0
  },
  {
    "id": "16dac7c8-2e94-4f62-a1d8-40c726e4e1bd",
    "data": [
      {
        "text": "adios",
        "userDefined": false
      }
    ],
    "isTemplate": false,
    "count": 1,
    "updated": 0
  },
  {
    "id": "5c617fdf-7771-449d-b237-e92992d9fd4b",
    "data": [
      {
        "text": "Moi moi!",
        "userDefined": false
      }
    ],
    "isTemplate": false,
    "count": 0,
    "updated": 0
  },
  {
    "id": "9c612f78-f6a0-4b04-8cf3-350578c6342c",
    "data": [
      {
        "text": "Moikka!",
        "userDefined": false
      }
    ],
    "isTemplate": false,
    "count": 0,
    "updated": 0
  },
  {
    "id": "1b974256-5a92-4836-971f-e04aaee0e787",
    "data": [
      {
        "text": "See you later alligator",
        "userDefined": false
      }
    ],
    "isTemplate": false,
    "count": 0,
    "updated": 0
  },
  {
    "id": "171eb496-5ee9-4e75-9e2b-549a7d07e985",
    "data": [
      {
        "text": "see you later",
        "userDefined": false
      }
    ],
    "isTemplate": false,
    "count": 0,
    "updated": 0
  },
  {
    "id": "0c45bf5a-2672-4c89-a7f2-4189aa45df94",
    "data": [
      {
        "text": "Bye bye baby, baby goodbye",
        "userDefined": false
      }
    ],
    "isTemplate": false,
    "count": 0,
    "updated": 0
  }
]