[
  {
    "id": "4e164e80-3273-4a7e-8043-ec5e6e21b511",
    "data": [
      {
        "text": "what\u0027s the purpose of life?",
        "userDefined": false
      }
    ],
    "isTemplate": false,
    "count": 1,
    "updated": 0
  },
  {
    "id": "6342be5a-fa2d-4542-b5f3-001d352915c2",
    "data": [
      {
        "text": "what\u0027s the meaning of life?",
        "userDefined": false
      }
    ],
    "isTemplate": false,
    "count": 1,
    "updated": 0
  },
  {
    "id": "25ae263a-51ea-4af7-bf6f-ea34aae5186d",
    "data": [
      {
        "text": "what\u0027s the meaning of life",
        "userDefined": false
      }
    ],
    "isTemplate": false,
    "count": 3,
    "updated": 0
  },
  {
    "id": "c0bb5d84-e92f-4a2e-9dcd-b3ce15adb362",
    "data": [
      {
        "text": "what\u0027s the meaning of life granny?",
        "userDefined": false
      }
    ],
    "isTemplate": false,
    "count": 0,
    "updated": 0
  },
  {
    "id": "050b017f-7f6b-4817-9949-b1ae8ab59902",
    "data": [
      {
        "text": "what\u0027s the life\u0027s purpose?",
        "userDefined": false
      }
    ],
    "isTemplate": false,
    "count": 0,
    "updated": 0
  },
  {
    "id": "783a0de2-93e7-4c09-a49e-6644260281f1",
    "data": [
      {
        "text": "what is my life\u0027s purpose",
        "userDefined": false
      }
    ],
    "isTemplate": false,
    "count": 0,
    "updated": 0
  },
  {
    "id": "f9737843-b909-4b3c-8d22-3ca503e1facc",
    "data": [
      {
        "text": "what\u0027s the meaning of my life",
        "userDefined": false
      }
    ],
    "isTemplate": false,
    "count": 0,
    "updated": 0
  },
  {
    "id": "7886a58b-24a4-401f-9bc9-8653a2cc318b",
    "data": [
      {
        "text": "life\u0027s purpose",
        "userDefined": false
      }
    ],
    "isTemplate": false,
    "count": 0,
    "updated": 0
  },
  {
    "id": "ae307022-b4a4-4cfe-a218-6a16e545ba77",
    "data": [
      {
        "text": "life\u0027s meaning",
        "userDefined": false
      }
    ],
    "isTemplate": false,
    "count": 0,
    "updated": 0
  },
  {
    "id": "7af97e91-a5f3-46b6-96dc-b620c338d137",
    "data": [
      {
        "text": "purpose of life",
        "userDefined": false
      }
    ],
    "isTemplate": false,
    "count": 0,
    "updated": 0
  },
  {
    "id": "77cbaa61-9660-4569-b496-f2154a27bb46",
    "data": [
      {
        "text": "what is life for",
        "userDefined": false
      }
    ],
    "isTemplate": false,
    "count": 0,
    "updated": 0
  },
  {
    "id": "16c6a3f6-a809-4d16-8553-7b4a184086a2",
    "data": [
      {
        "text": "what are we living for",
        "userDefined": false
      }
    ],
    "isTemplate": false,
    "count": 0,
    "updated": 0
  },
  {
    "id": "d3120517-0d7f-4323-9bc2-4e351ff99252",
    "data": [
      {
        "text": "what is meaning behind life",
        "userDefined": false
      }
    ],
    "isTemplate": false,
    "count": 0,
    "updated": 0
  },
  {
    "id": "015ad902-9278-4b8d-b19a-d4ec8484c5d9",
    "data": [
      {
        "text": "why are we alive",
        "userDefined": false
      }
    ],
    "isTemplate": false,
    "count": 0,
    "updated": 0
  },
  {
    "id": "294c111e-5fc6-4f0c-bd67-c3ce50d1d59b",
    "data": [
      {
        "text": "why are we here",
        "userDefined": false
      }
    ],
    "isTemplate": false,
    "count": 0,
    "updated": 0
  },
  {
    "id": "5efc435e-c810-49e2-86ff-057a6ea3d7ae",
    "data": [
      {
        "text": "what do you think is the meaning of life",
        "userDefined": false
      }
    ],
    "isTemplate": false,
    "count": 0,
    "updated": 0
  },
  {
    "id": "c94622b3-fe5c-46d2-bf27-984bf95189c3",
    "data": [
      {
        "text": "do you know what\u0027s meaning of life",
        "userDefined": false
      }
    ],
    "isTemplate": false,
    "count": 1,
    "updated": 0
  },
  {
    "id": "21f18340-86a9-488e-a31d-67afe5ec8233",
    "data": [
      {
        "text": "meaning of life",
        "userDefined": false
      }
    ],
    "isTemplate": false,
    "count": 0,
    "updated": 0
  }
]