[
  {
    "id": "9ac78176-2edf-4149-835b-67ad2815cec0",
    "data": [
      {
        "text": "i feel very tired",
        "userDefined": false
      }
    ],
    "isTemplate": false,
    "count": 0,
    "updated": 0
  },
  {
    "id": "c2ed9210-6e9d-40c1-acd8-fac6c3b162dd",
    "data": [
      {
        "text": "i am quite tired",
        "userDefined": false
      }
    ],
    "isTemplate": false,
    "count": 0,
    "updated": 0
  },
  {
    "id": "5e901547-fca0-40f6-a913-f31f8bd57a1c",
    "data": [
      {
        "text": "i am getting tired",
        "userDefined": false
      }
    ],
    "isTemplate": false,
    "count": 0,
    "updated": 0
  },
  {
    "id": "94ba55a9-36a2-42e6-aedb-a2312c49859b",
    "data": [
      {
        "text": "i am sleepy",
        "userDefined": false
      }
    ],
    "isTemplate": false,
    "count": 0,
    "updated": 0
  },
  {
    "id": "2eb77ed3-6888-4fb6-9eaf-28c733781a4c",
    "data": [
      {
        "text": "i feel sleepy",
        "userDefined": false
      }
    ],
    "isTemplate": false,
    "count": 0,
    "updated": 0
  },
  {
    "id": "a547ece3-2767-4c19-8201-7081d64d8084",
    "data": [
      {
        "text": "I\u0027m falling asleep on my feet",
        "userDefined": false
      }
    ],
    "isTemplate": false,
    "count": 0,
    "updated": 0
  },
  {
    "id": "60591201-d338-4687-902f-7220b8c5cc69",
    "data": [
      {
        "text": "I\u0027m falling asleep",
        "userDefined": false
      }
    ],
    "isTemplate": false,
    "count": 0,
    "updated": 0
  },
  {
    "id": "0514e4de-9eb1-4c75-ac61-f22378387dc2",
    "data": [
      {
        "text": "I\u0027m sleeping",
        "userDefined": false
      }
    ],
    "isTemplate": false,
    "count": 0,
    "updated": 0
  },
  {
    "id": "2d65d535-f2b8-4127-95ae-93d5dc5068c8",
    "data": [
      {
        "text": "I want to sleep",
        "userDefined": false
      }
    ],
    "isTemplate": false,
    "count": 0,
    "updated": 0
  },
  {
    "id": "fe234cad-f9e6-4055-b7e2-a77664fb5297",
    "data": [
      {
        "text": "i barely slept last ",
        "userDefined": false
      },
      {
        "text": "night",
        "alias": "time-period",
        "meta": "@sys.time-period",
        "userDefined": false
      }
    ],
    "isTemplate": false,
    "count": 0,
    "updated": 0
  },
  {
    "id": "8c800751-fd7c-468c-b7ac-34d4a6fd2e60",
    "data": [
      {
        "text": "i did not get enough sleep last ",
        "userDefined": false
      },
      {
        "text": "night",
        "alias": "time-period",
        "meta": "@sys.time-period",
        "userDefined": false
      }
    ],
    "isTemplate": false,
    "count": 0,
    "updated": 0
  },
  {
    "id": "58fb81e0-592c-4135-b847-54efe783a0cb",
    "data": [
      {
        "text": "i need sleep",
        "userDefined": false
      }
    ],
    "isTemplate": false,
    "count": 0,
    "updated": 0
  },
  {
    "id": "9ec92a23-afb1-4bb6-b994-04d396196c58",
    "data": [
      {
        "text": "i am really tired",
        "userDefined": false
      }
    ],
    "isTemplate": false,
    "count": 0,
    "updated": 0
  },
  {
    "id": "00870396-f6a9-4993-bfca-973f6c598cb2",
    "data": [
      {
        "text": "i feel exhausted",
        "userDefined": false
      }
    ],
    "isTemplate": false,
    "count": 0,
    "updated": 0
  },
  {
    "id": "4bb219cc-c87c-4fe2-8922-dba862d7c819",
    "data": [
      {
        "text": "i am super tired",
        "userDefined": false
      }
    ],
    "isTemplate": false,
    "count": 0,
    "updated": 0
  },
  {
    "id": "dd7a0d9d-3bfd-4de0-aa67-0882da3c7dec",
    "data": [
      {
        "text": "i am so tired",
        "userDefined": false
      }
    ],
    "isTemplate": false,
    "count": 0,
    "updated": 0
  },
  {
    "id": "146ece7f-c686-419c-bd97-0dc85950e370",
    "data": [
      {
        "text": "i am worn out",
        "userDefined": false
      }
    ],
    "isTemplate": false,
    "count": 0,
    "updated": 0
  },
  {
    "id": "530585e3-da1a-4b36-a7fb-5b5e54b6790d",
    "data": [
      {
        "text": "i feel worn out",
        "userDefined": false
      }
    ],
    "isTemplate": false,
    "count": 0,
    "updated": 0
  },
  {
    "id": "c565e2cc-8994-4d83-a2b1-22516d1951c4",
    "data": [
      {
        "text": "i am tired",
        "userDefined": false
      }
    ],
    "isTemplate": false,
    "count": 0,
    "updated": 0
  },
  {
    "id": "24df99a0-bef2-4e90-a667-9f3cec0c2f04",
    "data": [
      {
        "text": "i\u0027m tired",
        "userDefined": false
      }
    ],
    "isTemplate": false,
    "count": 0,
    "updated": 0
  },
  {
    "id": "b3924f38-e199-4cc6-a7fa-6f3ea38f8bf1",
    "data": [
      {
        "text": "i feel tired",
        "userDefined": false
      }
    ],
    "isTemplate": false,
    "count": 0,
    "updated": 0
  }
]