[
  {
    "id": "e34a9b9c-e1c3-409e-936c-f83de1d1e3d4",
    "data": [
      {
        "text": "good evening",
        "userDefined": false
      }
    ],
    "isTemplate": false,
    "count": 1,
    "updated": 0
  },
  {
    "id": "67c2cd6e-d498-421e-b076-6bd385850f97",
    "data": [
      {
        "text": "hyvää iltaa",
        "userDefined": false
      }
    ],
    "isTemplate": false,
    "count": 1,
    "updated": 0
  },
  {
    "id": "8f4c1fff-b00d-4efb-bbba-95bc8ee47b7e",
    "data": [
      {
        "text": "iltoja!",
        "userDefined": false
      }
    ],
    "isTemplate": false,
    "count": 0,
    "updated": 0
  },
  {
    "id": "399839ec-8b78-42ae-af3c-c89e329d1aa8",
    "data": [
      {
        "text": "good evening grams",
        "userDefined": false
      }
    ],
    "isTemplate": false,
    "count": 2,
    "updated": 0
  },
  {
    "id": "9fb6a104-7c9f-49bc-ac45-f6a884a103ab",
    "data": [
      {
        "text": "evening",
        "userDefined": false
      }
    ],
    "isTemplate": false,
    "count": 0,
    "updated": 0
  },
  {
    "id": "9f708af4-ce92-42a1-bbcf-ef470499511a",
    "data": [
      {
        "text": "buenos tardes",
        "userDefined": false
      }
    ],
    "isTemplate": false,
    "count": 0,
    "updated": 0
  },
  {
    "id": "7e0d9d90-1039-4cc0-9437-6053ab8efe26",
    "data": [
      {
        "text": "hey good evening",
        "userDefined": false
      }
    ],
    "isTemplate": false,
    "count": 0,
    "updated": 0
  },
  {
    "id": "7e7afd22-c6cc-4dd1-88df-e6db50e6fa84",
    "data": [
      {
        "text": "good evening ",
        "userDefined": false
      },
      {
        "text": "granny",
        "meta": "@sys.ignore",
        "userDefined": false
      }
    ],
    "isTemplate": false,
    "count": 0,
    "updated": 0
  },
  {
    "id": "26e77d7e-4543-422d-8f1b-7ae3a4a47fb9",
    "data": [
      {
        "text": "good evening to you",
        "userDefined": false
      }
    ],
    "isTemplate": false,
    "count": 0,
    "updated": 0
  },
  {
    "id": "cef6ddc0-41ad-49fb-8846-0157bee1cba1",
    "data": [
      {
        "text": "good evening there",
        "userDefined": false
      }
    ],
    "isTemplate": false,
    "count": 0,
    "updated": 0
  },
  {
    "id": "b3ff7c75-adf8-455c-ad44-922b9f190073",
    "data": [
      {
        "text": "hello good evening",
        "userDefined": false
      }
    ],
    "isTemplate": false,
    "count": 0,
    "updated": 0
  }
]