[
  {
    "id": "1f3ddd06-29ad-4654-afa4-1c6670424769",
    "data": [
      {
        "text": "i\u0027m upset",
        "userDefined": false
      }
    ],
    "isTemplate": false,
    "count": 0,
    "updated": 0
  },
  {
    "id": "476e15b6-2693-41ae-ac3c-eb9709b24d0f",
    "data": [
      {
        "text": "I feel frustrated",
        "userDefined": false
      }
    ],
    "isTemplate": false,
    "count": 0,
    "updated": 0
  },
  {
    "id": "b5aa3335-3751-497b-96ae-1b467890a5e1",
    "data": [
      {
        "text": "I\u0027m feeling down today",
        "userDefined": false
      }
    ],
    "isTemplate": false,
    "count": 0,
    "updated": 0
  },
  {
    "id": "a68bd91e-7e49-4f94-bb67-6f58a0d9b24a",
    "data": [
      {
        "text": "i feel sad",
        "userDefined": false
      }
    ],
    "isTemplate": false,
    "count": 0,
    "updated": 0
  },
  {
    "id": "94fae086-b31a-4130-906e-3ee2ff9c2db0",
    "data": [
      {
        "text": "i am sad",
        "userDefined": false
      }
    ],
    "isTemplate": false,
    "count": 0,
    "updated": 0
  },
  {
    "id": "acbdaa17-0701-4d1a-b61b-5001e06d5580",
    "data": [
      {
        "text": "i am upset",
        "userDefined": false
      }
    ],
    "isTemplate": false,
    "count": 0,
    "updated": 0
  },
  {
    "id": "cc867a29-84b2-4946-9b00-53e77b8a016f",
    "data": [
      {
        "text": "i feel upset",
        "userDefined": false
      }
    ],
    "isTemplate": false,
    "count": 0,
    "updated": 0
  },
  {
    "id": "ad3c17e5-9696-4394-b00e-5feb65ddbd0d",
    "data": [
      {
        "text": "i feel downcast",
        "userDefined": false
      }
    ],
    "isTemplate": false,
    "count": 0,
    "updated": 0
  },
  {
    "id": "29dba53a-c45a-485c-b6e3-a2c170b298d5",
    "data": [
      {
        "text": "i feel gloomy",
        "userDefined": false
      }
    ],
    "isTemplate": false,
    "count": 0,
    "updated": 0
  },
  {
    "id": "7e05d20c-1465-442a-896a-68903aa8ae22",
    "data": [
      {
        "text": "i am feeling down",
        "userDefined": false
      }
    ],
    "isTemplate": false,
    "count": 0,
    "updated": 0
  },
  {
    "id": "e05a994c-6133-4634-811b-66d694f9b4ec",
    "data": [
      {
        "text": "i feel down",
        "userDefined": false
      }
    ],
    "isTemplate": false,
    "count": 0,
    "updated": 0
  },
  {
    "id": "49009cba-de57-4df0-b1fc-e29c0b5249cf",
    "data": [
      {
        "text": "i feel sorrowful",
        "userDefined": false
      }
    ],
    "isTemplate": false,
    "count": 0,
    "updated": 0
  },
  {
    "id": "9759dfce-03cf-4fa5-b111-b254c96d399c",
    "data": [
      {
        "text": "i am depressed",
        "userDefined": false
      }
    ],
    "isTemplate": false,
    "count": 1,
    "updated": 0
  },
  {
    "id": "619e7326-a559-42d3-8006-ea10ad98d455",
    "data": [
      {
        "text": "i\u0027m not happy",
        "userDefined": false
      }
    ],
    "isTemplate": false,
    "count": 0,
    "updated": 0
  },
  {
    "id": "e151fa0a-c35a-4047-b536-4151d3a460ba",
    "data": [
      {
        "text": "i want to cry",
        "userDefined": false
      }
    ],
    "isTemplate": false,
    "count": 0,
    "updated": 0
  },
  {
    "id": "ff7f5737-2fdc-4533-9a24-efe4a3b0e4cc",
    "data": [
      {
        "text": "i\u0027m unhappy",
        "userDefined": false
      }
    ],
    "isTemplate": false,
    "count": 1,
    "updated": 0
  },
  {
    "id": "6c04c49c-fb63-499d-b814-53c4e79a0097",
    "data": [
      {
        "text": "i am feeling sad",
        "userDefined": false
      }
    ],
    "isTemplate": false,
    "count": 1,
    "updated": 0
  }
]