[
  {
    "id": "395614cb-f729-418d-8924-87b2610607da",
    "data": [
      {
        "text": "I don\u0027t know",
        "userDefined": false
      }
    ],
    "isTemplate": false,
    "count": 1,
    "updated": 0
  },
  {
    "id": "5974bb7f-34f0-47c1-8ed8-bab7899f87a8",
    "data": [
      {
        "text": "i dunno",
        "userDefined": false
      }
    ],
    "isTemplate": false,
    "count": 1,
    "updated": 0
  },
  {
    "id": "43af2128-91d1-48dc-b6b2-9e846929623e",
    "data": [
      {
        "text": "idk",
        "userDefined": false
      }
    ],
    "isTemplate": false,
    "count": 2,
    "updated": 0
  },
  {
    "id": "a69d9377-d7b4-4ef7-b56f-53ffaa395ca7",
    "data": [
      {
        "text": "i wish i knew",
        "userDefined": false
      }
    ],
    "isTemplate": false,
    "count": 0,
    "updated": 0
  },
  {
    "id": "c1b13af2-40cd-4295-8b4f-7bf5d0750926",
    "data": [
      {
        "text": "I\u0027ve not the faintest idea",
        "userDefined": false
      }
    ],
    "isTemplate": false,
    "count": 0,
    "updated": 0
  },
  {
    "id": "a3183a0d-a7db-460b-aba8-33bdc1a61329",
    "data": [
      {
        "text": "your guess is as good as mine",
        "userDefined": false
      }
    ],
    "isTemplate": false,
    "count": 0,
    "updated": 0
  },
  {
    "id": "fef7838b-be2e-4375-8bb4-7c2eae8f622d",
    "data": [
      {
        "text": "no idea",
        "userDefined": false
      }
    ],
    "isTemplate": false,
    "count": 0,
    "updated": 0
  },
  {
    "id": "a952fcfd-b371-4caa-ae8b-0ab7bbd7e4f8",
    "data": [
      {
        "text": "no clue",
        "userDefined": false
      }
    ],
    "isTemplate": false,
    "count": 0,
    "updated": 0
  },
  {
    "id": "74e8341d-db62-420b-a026-6a948a3211a6",
    "data": [
      {
        "text": "zero",
        "meta": "@sys.ignore",
        "userDefined": false
      },
      {
        "text": " clue",
        "userDefined": false
      }
    ],
    "isTemplate": false,
    "count": 0,
    "updated": 0
  },
  {
    "id": "fc797638-9054-4c7f-849e-b8553e492b75",
    "data": [
      {
        "text": "i don\u0027t have any idea",
        "userDefined": false
      }
    ],
    "isTemplate": false,
    "count": 0,
    "updated": 0
  },
  {
    "id": "7e8e530e-ce27-44ac-91f7-1c38b461b832",
    "data": [
      {
        "text": "i have no clue",
        "userDefined": false
      }
    ],
    "isTemplate": false,
    "count": 0,
    "updated": 0
  },
  {
    "id": "c0aa8913-f7a9-4ac0-a98b-3c323b3ef795",
    "data": [
      {
        "text": "i have no idea",
        "userDefined": false
      }
    ],
    "isTemplate": false,
    "count": 0,
    "updated": 0
  },
  {
    "id": "fc0bc4f7-4ce5-4215-9690-313b860cfb29",
    "data": [
      {
        "text": "dunno",
        "userDefined": false
      }
    ],
    "isTemplate": false,
    "count": 0,
    "updated": 0
  },
  {
    "id": "6aec4ca0-13d6-4cc8-b127-7072b8633033",
    "data": [
      {
        "text": "do not know",
        "userDefined": false
      }
    ],
    "isTemplate": false,
    "count": 0,
    "updated": 0
  }
]