[
  {
    "id": "eb96192a-b700-4c8d-9ea7-d5a570e6052e",
    "data": [
      {
        "text": "Good morning",
        "userDefined": false
      }
    ],
    "isTemplate": false,
    "count": 1,
    "updated": 0
  },
  {
    "id": "fb479b73-2225-4d37-b077-7ce95cc3b6c3",
    "data": [
      {
        "text": "good morning",
        "userDefined": false
      }
    ],
    "isTemplate": false,
    "count": 1,
    "updated": 0
  },
  {
    "id": "38399bc3-ccff-4120-896a-378bc7a3a31e",
    "data": [
      {
        "text": "Good morning Granny!",
        "userDefined": false
      }
    ],
    "isTemplate": false,
    "count": 0,
    "updated": 0
  },
  {
    "id": "418d5131-3e19-47e9-bab2-d195d2cf319e",
    "data": [
      {
        "text": "gooooood morning",
        "userDefined": false
      }
    ],
    "isTemplate": false,
    "count": 0,
    "updated": 0
  },
  {
    "id": "edabe302-024c-437b-822a-6ba87d1731f0",
    "data": [
      {
        "text": "happy morning grams!",
        "userDefined": false
      }
    ],
    "isTemplate": false,
    "count": 0,
    "updated": 0
  },
  {
    "id": "20141c6d-0a56-4c32-83de-9540a245d4d6",
    "data": [
      {
        "text": "hyvää huomenta",
        "userDefined": false
      }
    ],
    "isTemplate": false,
    "count": 1,
    "updated": 0
  },
  {
    "id": "22c65dd2-7007-46fe-b129-1b35456c4745",
    "data": [
      {
        "text": "huomenia",
        "userDefined": false
      }
    ],
    "isTemplate": false,
    "count": 1,
    "updated": 0
  },
  {
    "id": "8c7f4b70-dc7a-4f5f-b1d6-58de64ff45ff",
    "data": [
      {
        "text": "huomenta",
        "userDefined": false
      }
    ],
    "isTemplate": false,
    "count": 1,
    "updated": 0
  },
  {
    "id": "9c8f6f19-0d94-4473-a666-35117410fb93",
    "data": [
      {
        "text": "gooooooood morning",
        "userDefined": false
      }
    ],
    "isTemplate": false,
    "count": 0,
    "updated": 0
  },
  {
    "id": "4fbe6be7-d1d6-4032-af20-ac278230f9c5",
    "data": [
      {
        "text": "huomenta!",
        "userDefined": false
      }
    ],
    "isTemplate": false,
    "count": 0,
    "updated": 0
  },
  {
    "id": "51f03654-aaa3-45d5-8542-fa4286f5e3f3",
    "data": [
      {
        "text": "huomenia!",
        "userDefined": false
      }
    ],
    "isTemplate": false,
    "count": 0,
    "updated": 0
  },
  {
    "id": "8314edcf-6746-45d7-a9fa-9784c2481015",
    "data": [
      {
        "text": "guten morgon",
        "userDefined": false
      }
    ],
    "isTemplate": false,
    "count": 0,
    "updated": 0
  },
  {
    "id": "23f9901c-465c-457f-8186-32f8f3c5533f",
    "data": [
      {
        "text": "guten morgen",
        "userDefined": false
      }
    ],
    "isTemplate": false,
    "count": 0,
    "updated": 0
  },
  {
    "id": "c083933b-0237-48fd-964f-ab354ba4ffcd",
    "data": [
      {
        "text": "huomenta huomenta",
        "userDefined": false
      }
    ],
    "isTemplate": false,
    "count": 0,
    "updated": 0
  },
  {
    "id": "5c2d6185-284a-4326-9478-2887f76cf712",
    "data": [
      {
        "text": "good morning to you",
        "userDefined": false
      }
    ],
    "isTemplate": false,
    "count": 0,
    "updated": 0
  },
  {
    "id": "bdb47dfb-e851-4a1f-aecc-2f15f0bceaad",
    "data": [
      {
        "text": "top of the morning to you",
        "userDefined": false
      }
    ],
    "isTemplate": false,
    "count": 0,
    "updated": 0
  },
  {
    "id": "79fc866a-423c-43c6-955b-7f68da3dd003",
    "data": [
      {
        "text": "morning",
        "meta": "@sys.ignore",
        "userDefined": false
      }
    ],
    "isTemplate": false,
    "count": 0,
    "updated": 0
  },
  {
    "id": "c4f790ad-e0b3-4466-bb9d-80941f78d7f0",
    "data": [
      {
        "text": "good morning too",
        "userDefined": false
      }
    ],
    "isTemplate": false,
    "count": 0,
    "updated": 0
  },
  {
    "id": "3bd1b2a5-9c9f-48df-8fd5-50356f04cf98",
    "data": [
      {
        "text": "hi good morning",
        "userDefined": false
      }
    ],
    "isTemplate": false,
    "count": 0,
    "updated": 0
  },
  {
    "id": "8c089daa-6504-4aca-a455-c03e3d83528b",
    "data": [
      {
        "text": "hello good morning",
        "userDefined": false
      }
    ],
    "isTemplate": false,
    "count": 0,
    "updated": 0
  },
  {
    "id": "844067f4-0157-40db-a4ca-1bf415132172",
    "data": [
      {
        "text": "great morning to you",
        "userDefined": false
      }
    ],
    "isTemplate": false,
    "count": 0,
    "updated": 0
  },
  {
    "id": "9be6e276-a4a1-48ee-9584-571a93c253a1",
    "data": [
      {
        "text": "happy morning",
        "userDefined": false
      }
    ],
    "isTemplate": false,
    "count": 1,
    "updated": 0
  },
  {
    "id": "047a1673-2122-46f0-ba05-d4b1ef8bf5d6",
    "data": [
      {
        "text": "and a good morning to you",
        "userDefined": false
      }
    ],
    "isTemplate": false,
    "count": 0,
    "updated": 0
  },
  {
    "id": "30cd342c-6fd7-4b1c-abdb-14c42316e3c9",
    "data": [
      {
        "text": "have a great morning",
        "userDefined": false
      }
    ],
    "isTemplate": false,
    "count": 0,
    "updated": 0
  }
]