[
  {
    "id": "1f6091e7-389b-4c41-9a4f-ac4693190f4d",
    "data": [
      {
        "text": "Yes",
        "userDefined": false
      }
    ],
    "isTemplate": false,
    "count": 0,
    "updated": 0
  },
  {
    "id": "c7ffcc3d-bdc3-4283-a977-81552a5731b3",
    "data": [
      {
        "text": "ok",
        "userDefined": false
      }
    ],
    "isTemplate": false,
    "count": 1,
    "updated": 0
  },
  {
    "id": "96552206-3bc2-4375-bded-2d9a64d5c6c3",
    "data": [
      {
        "text": "yes",
        "userDefined": false
      }
    ],
    "isTemplate": false,
    "count": 1,
    "updated": 0
  },
  {
    "id": "1d3cdcc0-2445-4a1a-8f1f-4bc36adf9847",
    "data": [
      {
        "text": "yeah",
        "userDefined": false
      }
    ],
    "isTemplate": false,
    "count": 0,
    "updated": 0
  },
  {
    "id": "33221480-80a3-43f3-a3b7-c1e963b58cee",
    "data": [
      {
        "text": "yous i would like to",
        "userDefined": false
      }
    ],
    "isTemplate": false,
    "count": 0,
    "updated": 0
  },
  {
    "id": "af4b6135-a567-407a-8c05-f7fbcf1c9b21",
    "data": [
      {
        "text": "ok yes",
        "userDefined": false
      }
    ],
    "isTemplate": false,
    "count": 0,
    "updated": 0
  },
  {
    "id": "1949af3c-daed-4e5b-8d4e-ff73516c8f30",
    "data": [
      {
        "text": "ok you can",
        "userDefined": false
      }
    ],
    "isTemplate": false,
    "count": 0,
    "updated": 0
  },
  {
    "id": "1f36baf8-bd7f-432b-89c6-5276d0d757b6",
    "data": [
      {
        "text": "alrighty",
        "userDefined": false
      }
    ],
    "isTemplate": false,
    "count": 1,
    "updated": 0
  },
  {
    "id": "17f776b0-eb50-4fff-af7d-df39c4ac7b7e",
    "data": [
      {
        "text": "that\u0027s okay",
        "userDefined": false
      }
    ],
    "isTemplate": false,
    "count": 0,
    "updated": 0
  },
  {
    "id": "8b47da5d-5bd0-49ae-a750-46a33d21fc54",
    "data": [
      {
        "text": "yes you may",
        "userDefined": false
      }
    ],
    "isTemplate": false,
    "count": 0,
    "updated": 0
  },
  {
    "id": "ec61d2c3-8786-4fb0-b45b-d9ce5264526a",
    "data": [
      {
        "text": "yeah i\u0027m sure",
        "userDefined": false
      }
    ],
    "isTemplate": false,
    "count": 0,
    "updated": 0
  },
  {
    "id": "e9bb4454-4f0e-4d0a-b623-2394aad44728",
    "data": [
      {
        "text": "yes of course",
        "userDefined": false
      }
    ],
    "isTemplate": false,
    "count": 0,
    "updated": 0
  },
  {
    "id": "5bee4cf5-c176-4e7b-914f-095433dc9e3f",
    "data": [
      {
        "text": "please do",
        "userDefined": false
      }
    ],
    "isTemplate": false,
    "count": 0,
    "updated": 0
  },
  {
    "id": "2612fd92-f5d8-468e-adf4-93cd38ba8bcd",
    "data": [
      {
        "text": "sounds good",
        "userDefined": false
      }
    ],
    "isTemplate": false,
    "count": 0,
    "updated": 0
  },
  {
    "id": "17cad2f7-bbad-4cf8-a4dd-ea35f92846b3",
    "data": [
      {
        "text": "exactly",
        "userDefined": false
      }
    ],
    "isTemplate": false,
    "count": 0,
    "updated": 0
  },
  {
    "id": "29d10cac-e8fa-4d2e-af5d-9155baab7b2a",
    "data": [
      {
        "text": "yes i do",
        "userDefined": false
      }
    ],
    "isTemplate": false,
    "count": 0,
    "updated": 0
  },
  {
    "id": "2cca9ff1-b5eb-465b-a906-46a1eba1835d",
    "data": [
      {
        "text": "yes for sure",
        "userDefined": false
      }
    ],
    "isTemplate": false,
    "count": 0,
    "updated": 0
  },
  {
    "id": "f958d69d-58c0-44c1-9c56-c409bc6a88d5",
    "data": [
      {
        "text": "affirmative",
        "userDefined": false
      }
    ],
    "isTemplate": false,
    "count": 1,
    "updated": 0
  },
  {
    "id": "0d0ada96-e09e-4cc0-856a-caa1ee99d694",
    "data": [
      {
        "text": "confirmed",
        "userDefined": false
      }
    ],
    "isTemplate": false,
    "count": 0,
    "updated": 0
  },
  {
    "id": "ab0fd505-dac2-4cfa-84ba-043f2860bfd2",
    "data": [
      {
        "text": "yes i agree",
        "userDefined": false
      }
    ],
    "isTemplate": false,
    "count": 0,
    "updated": 0
  },
  {
    "id": "b1d90a74-4a37-455e-8548-95503c7f24a8",
    "data": [
      {
        "text": "yes please",
        "userDefined": false
      }
    ],
    "isTemplate": false,
    "count": 0,
    "updated": 0
  },
  {
    "id": "f0455c60-385c-40b2-b184-147ddf5bee88",
    "data": [
      {
        "text": "yes pls",
        "userDefined": false
      }
    ],
    "isTemplate": false,
    "count": 0,
    "updated": 0
  },
  {
    "id": "ccddc029-9189-4b0e-bf1e-672819c6a01c",
    "data": [
      {
        "text": "yes plase",
        "userDefined": false
      }
    ],
    "isTemplate": false,
    "count": 1,
    "updated": 0
  },
  {
    "id": "76dfc200-898c-467d-9f58-96cfcda006d3",
    "data": [
      {
        "text": "yes thank you",
        "userDefined": false
      }
    ],
    "isTemplate": false,
    "count": 0,
    "updated": 0
  },
  {
    "id": "44419925-fc56-45b9-8fbf-3db1efc49c6b",
    "data": [
      {
        "text": "all correct",
        "userDefined": false
      }
    ],
    "isTemplate": false,
    "count": 0,
    "updated": 0
  },
  {
    "id": "72e3f3ce-0bbb-44d1-b55b-efb7ecca711b",
    "data": [
      {
        "text": "all right",
        "userDefined": false
      }
    ],
    "isTemplate": false,
    "count": 0,
    "updated": 0
  },
  {
    "id": "aba1a91f-003a-4cef-a0e1-de0165bd3230",
    "data": [
      {
        "text": "allright",
        "userDefined": false
      }
    ],
    "isTemplate": false,
    "count": 0,
    "updated": 0
  },
  {
    "id": "2e3d0af5-0d1d-4f5c-9f4e-d9e259b5b522",
    "data": [
      {
        "text": "go ahead",
        "userDefined": false
      }
    ],
    "isTemplate": false,
    "count": 0,
    "updated": 0
  },
  {
    "id": "3d00cbec-5ea9-4e03-b8af-2d1ab03066e8",
    "data": [
      {
        "text": "sure",
        "userDefined": false
      }
    ],
    "isTemplate": false,
    "count": 0,
    "updated": 0
  },
  {
    "id": "8de978b9-2b03-409a-b051-cb7f4b45b3c9",
    "data": [
      {
        "text": "yes definitely",
        "userDefined": false
      }
    ],
    "isTemplate": false,
    "count": 0,
    "updated": 0
  },
  {
    "id": "16710ad3-8ddb-4187-86f8-2b579aaf60c1",
    "data": [
      {
        "text": "yes sure",
        "userDefined": false
      }
    ],
    "isTemplate": false,
    "count": 0,
    "updated": 0
  },
  {
    "id": "8144c2f6-be41-4ea6-8300-ee0b2e488934",
    "data": [
      {
        "text": "looks good",
        "userDefined": false
      }
    ],
    "isTemplate": false,
    "count": 0,
    "updated": 0
  },
  {
    "id": "4ce22b43-e337-4f8f-9845-4e206b2030f5",
    "data": [
      {
        "text": "this is correct",
        "userDefined": false
      }
    ],
    "isTemplate": false,
    "count": 0,
    "updated": 0
  },
  {
    "id": "ea4095a9-4a31-4176-b60b-364011ef5000",
    "data": [
      {
        "text": "yap",
        "userDefined": false
      }
    ],
    "isTemplate": false,
    "count": 0,
    "updated": 0
  },
  {
    "id": "13021076-daeb-4f77-b132-34f1c6713914",
    "data": [
      {
        "text": "yup",
        "userDefined": false
      }
    ],
    "isTemplate": false,
    "count": 1,
    "updated": 0
  },
  {
    "id": "2482a98e-eca7-46cf-a5a8-ea9669878cb4",
    "data": [
      {
        "text": "ok thank you",
        "userDefined": false
      }
    ],
    "isTemplate": false,
    "count": 1,
    "updated": 0
  },
  {
    "id": "833b401e-0fb6-4c15-a598-28725075f154",
    "data": [
      {
        "text": "okay then",
        "userDefined": false
      }
    ],
    "isTemplate": false,
    "count": 0,
    "updated": 0
  },
  {
    "id": "a1132cbc-68b0-4f08-8085-49d70bc7fb3c",
    "data": [
      {
        "text": "sure why not",
        "userDefined": false
      }
    ],
    "isTemplate": false,
    "count": 0,
    "updated": 0
  },
  {
    "id": "194b6141-d9dc-44e4-9e3a-a94d1d8474e4",
    "data": [
      {
        "text": "okay sounds good",
        "userDefined": false
      }
    ],
    "isTemplate": false,
    "count": 0,
    "updated": 0
  },
  {
    "id": "c8bed69e-9808-4025-98c7-f1e8b821499a",
    "data": [
      {
        "text": "absolutely",
        "userDefined": false
      }
    ],
    "isTemplate": false,
    "count": 1,
    "updated": 0
  },
  {
    "id": "2b111194-c8b5-4848-96d7-47e7810f0781",
    "data": [
      {
        "text": "okay",
        "userDefined": false
      }
    ],
    "isTemplate": false,
    "count": 1,
    "updated": 0
  },
  {
    "id": "86ae42a7-8f37-457a-b083-5f64383e0325",
    "data": [
      {
        "text": "yes indeed",
        "userDefined": false
      }
    ],
    "isTemplate": false,
    "count": 0,
    "updated": 0
  },
  {
    "id": "7e6b503d-83ed-4bc5-b274-354512db1d92",
    "data": [
      {
        "text": "yessss",
        "userDefined": false
      }
    ],
    "isTemplate": false,
    "count": 0,
    "updated": 0
  },
  {
    "id": "6fba8eeb-df98-4cb9-b8fa-65d72ccf66f4",
    "data": [
      {
        "text": "yep",
        "userDefined": false
      }
    ],
    "isTemplate": false,
    "count": 1,
    "updated": 0
  },
  {
    "id": "6345c429-d1b7-4ddc-a0d1-48c6f431bdc5",
    "data": [
      {
        "text": "of course",
        "userDefined": false
      }
    ],
    "isTemplate": false,
    "count": 1,
    "updated": 0
  },
  {
    "id": "0888bd34-d466-449b-b84a-9e0de6b996a7",
    "data": [
      {
        "text": "yes correct",
        "userDefined": false
      }
    ],
    "isTemplate": false,
    "count": 1,
    "updated": 0
  },
  {
    "id": "d4c3984f-5aa4-4f5a-89c0-ca9b92eeb117",
    "data": [
      {
        "text": "yeah that\u0027s right",
        "userDefined": false
      }
    ],
    "isTemplate": false,
    "count": 0,
    "updated": 0
  },
  {
    "id": "0bfa655e-0efd-44de-994a-eabc60695333",
    "data": [
      {
        "text": "yea",
        "userDefined": false
      }
    ],
    "isTemplate": false,
    "count": 0,
    "updated": 0
  },
  {
    "id": "9b66b51c-dd28-471e-b859-59353038756c",
    "data": [
      {
        "text": "why not",
        "userDefined": false
      }
    ],
    "isTemplate": false,
    "count": 0,
    "updated": 0
  },
  {
    "id": "8d8c4f4a-061e-41ba-9407-440659d3610a",
    "data": [
      {
        "text": "jepulis",
        "userDefined": false
      }
    ],
    "isTemplate": false,
    "count": 0,
    "updated": 0
  },
  {
    "id": "e6e1eaca-48e2-44e3-8b44-076488255c89",
    "data": [
      {
        "text": "jepsulis",
        "userDefined": false
      }
    ],
    "isTemplate": false,
    "count": 0,
    "updated": 0
  },
  {
    "id": "40a659df-f31b-4d8d-98ee-c4e47083ebc2",
    "data": [
      {
        "text": "okie dokie",
        "userDefined": false
      }
    ],
    "isTemplate": false,
    "count": 1,
    "updated": 0
  },
  {
    "id": "5f10c20e-2bb2-4a99-99ce-d24c78c588bc",
    "data": [
      {
        "text": "yeah go ahead",
        "userDefined": false
      }
    ],
    "isTemplate": false,
    "count": 0,
    "updated": 0
  },
  {
    "id": "2088fc87-74f1-4966-b83f-65e129522cac",
    "data": [
      {
        "text": "sure is",
        "userDefined": false
      }
    ],
    "isTemplate": false,
    "count": 1,
    "updated": 0
  },
  {
    "id": "d5a6a937-3190-41a2-b366-11713ed7d28f",
    "data": [
      {
        "text": "yes this is correct",
        "userDefined": false
      }
    ],
    "isTemplate": false,
    "count": 1,
    "updated": 0
  },
  {
    "id": "392e9db0-bbdb-4d1c-ac3f-cf943a159b75",
    "data": [
      {
        "text": "ok go ahead",
        "userDefined": false
      }
    ],
    "isTemplate": false,
    "count": 0,
    "updated": 0
  },
  {
    "id": "329ef6c4-dae9-4ca6-9ef0-9fae868731e7",
    "data": [
      {
        "text": "sure thing",
        "userDefined": false
      }
    ],
    "isTemplate": false,
    "count": 0,
    "updated": 0
  },
  {
    "id": "d06d527b-2889-40f4-8ea9-29bcafdbc263",
    "data": [
      {
        "text": "right",
        "userDefined": false
      }
    ],
    "isTemplate": false,
    "count": 1,
    "updated": 0
  },
  {
    "id": "fe610255-1a5e-475a-9ae8-b5fc796c756a",
    "data": [
      {
        "text": "certainly",
        "userDefined": false
      }
    ],
    "isTemplate": false,
    "count": 0,
    "updated": 0
  },
  {
    "id": "77fcff4c-2452-4819-91d5-ef4387ae7367",
    "data": [
      {
        "text": "i do",
        "userDefined": false
      }
    ],
    "isTemplate": false,
    "count": 1,
    "updated": 0
  },
  {
    "id": "f5e41723-e1a8-467e-95c1-a7607f1b7b09",
    "data": [
      {
        "text": "yeh",
        "userDefined": false
      }
    ],
    "isTemplate": false,
    "count": 0,
    "updated": 0
  },
  {
    "id": "9569c649-ea6f-4d0c-94b5-a1d00bde4888",
    "data": [
      {
        "text": "yes it is",
        "userDefined": false
      }
    ],
    "isTemplate": false,
    "count": 0,
    "updated": 0
  },
  {
    "id": "6cb548ec-fbc3-4150-be00-1006ca05893d",
    "data": [
      {
        "text": "yeah exactly",
        "userDefined": false
      }
    ],
    "isTemplate": false,
    "count": 0,
    "updated": 0
  },
  {
    "id": "e505b0ab-0b95-4468-8fdb-cd8fa30c3589",
    "data": [
      {
        "text": "obviously",
        "userDefined": false
      }
    ],
    "isTemplate": false,
    "count": 1,
    "updated": 0
  },
  {
    "id": "d4dd2fd3-33aa-4bd2-8836-4f6e86f13d88",
    "data": [
      {
        "text": "ok sure",
        "userDefined": false
      }
    ],
    "isTemplate": false,
    "count": 1,
    "updated": 0
  },
  {
    "id": "a8c3fec5-da15-4d1b-877f-a24a511c8b9b",
    "data": [
      {
        "text": "ye",
        "userDefined": false
      }
    ],
    "isTemplate": false,
    "count": 0,
    "updated": 0
  },
  {
    "id": "56b156cb-45ac-4fc7-911a-9067246478d9",
    "data": [
      {
        "text": "i guess",
        "userDefined": false
      }
    ],
    "isTemplate": false,
    "count": 0,
    "updated": 0
  },
  {
    "id": "702a17c9-ab08-4157-b33e-a8de5649e6ff",
    "data": [
      {
        "text": "okay that\u0027s fine",
        "userDefined": false
      }
    ],
    "isTemplate": false,
    "count": 1,
    "updated": 0
  },
  {
    "id": "dca64c47-b1b5-4084-bb4a-8b452e50ca50",
    "data": [
      {
        "text": "agreed",
        "userDefined": false
      }
    ],
    "isTemplate": false,
    "count": 0,
    "updated": 0
  },
  {
    "id": "065e7a27-30c4-468b-8e77-39b25dcd4d25",
    "data": [
      {
        "text": "i agree",
        "userDefined": false
      }
    ],
    "isTemplate": false,
    "count": 1,
    "updated": 0
  },
  {
    "id": "74bb71c9-7553-4252-9b9f-ee3406cfaf76",
    "data": [
      {
        "text": "okey",
        "userDefined": false
      }
    ],
    "isTemplate": false,
    "count": 1,
    "updated": 0
  },
  {
    "id": "8b3cb5c7-854c-4df8-9ba6-34230abd4c85",
    "data": [
      {
        "text": "go for it",
        "userDefined": false
      }
    ],
    "isTemplate": false,
    "count": 2,
    "updated": 0
  },
  {
    "id": "06d0562a-aa7b-4f6e-bc54-f5af54903b2a",
    "data": [
      {
        "text": "that is ok",
        "userDefined": false
      }
    ],
    "isTemplate": false,
    "count": 0,
    "updated": 0
  },
  {
    "id": "7042e408-4404-421a-8d1a-763b4e7631a6",
    "data": [
      {
        "text": "joo",
        "userDefined": false
      }
    ],
    "isTemplate": false,
    "count": 1,
    "updated": 0
  },
  {
    "id": "94b62865-62bc-4f85-b3df-268338b0d133",
    "data": [
      {
        "text": "jeps",
        "userDefined": false
      }
    ],
    "isTemplate": false,
    "count": 0,
    "updated": 0
  },
  {
    "id": "76fa7451-d2e2-401a-8f26-5b97656f428c",
    "data": [
      {
        "text": "jep",
        "userDefined": false
      }
    ],
    "isTemplate": false,
    "count": 0,
    "updated": 0
  },
  {
    "id": "84daccec-d70e-4ad2-8610-9e3dd9de0f5f",
    "data": [
      {
        "text": "ya",
        "userDefined": false
      }
    ],
    "isTemplate": false,
    "count": 0,
    "updated": 0
  },
  {
    "id": "876fff26-636d-4d52-9e71-9a0a1b793cf6",
    "data": [
      {
        "text": "yas",
        "userDefined": false
      }
    ],
    "isTemplate": false,
    "count": 1,
    "updated": 0
  },
  {
    "id": "ca8932dc-acec-40cd-b160-b8ccc57b4e20",
    "data": [
      {
        "text": "okei",
        "userDefined": false
      }
    ],
    "isTemplate": false,
    "count": 1,
    "updated": 0
  },
  {
    "id": "4f617a25-2afa-4721-b5a6-80b4c582dc27",
    "data": [
      {
        "text": "yeah right",
        "userDefined": false
      }
    ],
    "isTemplate": false,
    "count": 0,
    "updated": 0
  }
]