[
  {
    "id": "be7ca400-1c4e-47e4-b071-3e82ccf447ec",
    "data": [
      {
        "text": "Wheather ",
        "userDefined": false
      },
      {
        "text": "tomorrow",
        "alias": "date",
        "meta": "@sys.date",
        "userDefined": false
      }
    ],
    "isTemplate": false,
    "count": 0,
    "updated": 0
  },
  {
    "id": "54f99e87-1904-4ea3-a31f-540456073ea3",
    "data": [
      {
        "text": "what\u0027s the weather going to be like ",
        "userDefined": false
      },
      {
        "text": "tomorrow",
        "alias": "date",
        "meta": "@sys.date",
        "userDefined": false
      }
    ],
    "isTemplate": false,
    "count": 0,
    "updated": 0
  },
  {
    "id": "6ae08fb2-6d2c-4c91-9376-0a9acf3ddb9a",
    "data": [
      {
        "text": "what\u0027s tomorrows weather",
        "userDefined": false
      }
    ],
    "isTemplate": false,
    "count": 0,
    "updated": 0
  },
  {
    "id": "8981cd5c-7e59-49b7-a339-7cad66eb61bf",
    "data": [
      {
        "text": "weather forecast",
        "userDefined": false
      }
    ],
    "isTemplate": false,
    "count": 2,
    "updated": 0
  },
  {
    "id": "7713cf80-8edc-4461-89c6-69595546e9bb",
    "data": [
      {
        "text": "will it ",
        "userDefined": false
      },
      {
        "text": "rain",
        "alias": "weathertype",
        "meta": "@weathertype",
        "userDefined": false
      },
      {
        "text": " ",
        "userDefined": false
      },
      {
        "text": "tomorrow",
        "alias": "date",
        "meta": "@sys.date",
        "userDefined": false
      }
    ],
    "isTemplate": false,
    "count": 1,
    "updated": 0
  },
  {
    "id": "58951318-922e-4c81-a66d-effc8fbe3efa",
    "data": [
      {
        "text": "will it rain ",
        "userDefined": false
      },
      {
        "text": "next week",
        "alias": "date-period",
        "meta": "@sys.date-period",
        "userDefined": false
      }
    ],
    "isTemplate": false,
    "count": 1,
    "updated": 0
  },
  {
    "id": "b471202f-c64d-4f4f-bda3-844b7373f72a",
    "data": [
      {
        "text": "Will it ",
        "userDefined": false
      },
      {
        "text": "snow",
        "alias": "weathertype",
        "meta": "@weathertype",
        "userDefined": false
      },
      {
        "text": " this winter?",
        "userDefined": false
      }
    ],
    "isTemplate": false,
    "count": 0,
    "updated": 0
  },
  {
    "id": "ee105e69-aada-4cfc-8744-947c012ffb06",
    "data": [
      {
        "text": "weather",
        "userDefined": false
      }
    ],
    "isTemplate": false,
    "count": 1,
    "updated": 0
  },
  {
    "id": "741b035a-0a63-420a-90c0-65e4207997bd",
    "data": [
      {
        "text": "how\u0027s weather ",
        "userDefined": false
      },
      {
        "text": "tomorrow",
        "alias": "date",
        "meta": "@sys.date",
        "userDefined": false
      }
    ],
    "isTemplate": false,
    "count": 0,
    "updated": 0
  },
  {
    "id": "56d6b9bf-6c8b-4e8a-97e4-462ba2d93257",
    "data": [
      {
        "text": "do you think the weather will be good ",
        "userDefined": false
      },
      {
        "text": "next week",
        "alias": "date-period",
        "meta": "@sys.date-period",
        "userDefined": false
      }
    ],
    "isTemplate": false,
    "count": 0,
    "updated": 0
  },
  {
    "id": "9d4b46fb-e8df-40bb-bd5c-61f41f4ee2f4",
    "data": [
      {
        "text": "will ",
        "userDefined": false
      },
      {
        "text": "tomorrow",
        "alias": "date",
        "meta": "@sys.date",
        "userDefined": false
      },
      {
        "text": " be ",
        "userDefined": false
      },
      {
        "text": "sunny",
        "alias": "weathertype",
        "meta": "@weathertype",
        "userDefined": false
      }
    ],
    "isTemplate": false,
    "count": 0,
    "updated": 0
  },
  {
    "id": "229c8a5d-67f9-440d-be93-79b60d363c27",
    "data": [
      {
        "text": "do you think we\u0027ll get a lot of ",
        "userDefined": false
      },
      {
        "text": "snow",
        "alias": "weathertype",
        "meta": "@weathertype",
        "userDefined": false
      },
      {
        "text": " this ",
        "userDefined": false
      },
      {
        "text": "winter",
        "meta": "@sys.ignore",
        "userDefined": false
      }
    ],
    "isTemplate": false,
    "count": 0,
    "updated": 0
  },
  {
    "id": "3c8d9545-8ef9-45d5-9ca3-ad82f5b04552",
    "data": [
      {
        "text": "can i expect ",
        "userDefined": false
      },
      {
        "text": "snow",
        "alias": "weathertype",
        "meta": "@weathertype",
        "userDefined": false
      },
      {
        "text": " ",
        "userDefined": false
      },
      {
        "text": "next week",
        "alias": "date-period",
        "meta": "@sys.date-period",
        "userDefined": false
      }
    ],
    "isTemplate": false,
    "count": 0,
    "updated": 0
  },
  {
    "id": "41418fd5-a37f-44a6-a8f4-9527fcea418e",
    "data": [
      {
        "text": "weather prediction",
        "userDefined": false
      }
    ],
    "isTemplate": false,
    "count": 0,
    "updated": 0
  },
  {
    "id": "7ff25e15-1fd9-4515-9196-7a0b3ec0b1a1",
    "data": [
      {
        "text": "predict weather",
        "userDefined": false
      }
    ],
    "isTemplate": false,
    "count": 0,
    "updated": 0
  },
  {
    "id": "0ef02997-f526-43f0-95bc-eb9f914f414c",
    "data": [
      {
        "text": "predict ",
        "userDefined": false
      },
      {
        "text": "next week\u0027s",
        "alias": "date-period",
        "meta": "@sys.date-period",
        "userDefined": false
      },
      {
        "text": " weather",
        "userDefined": false
      }
    ],
    "isTemplate": false,
    "count": 0,
    "updated": 0
  },
  {
    "id": "5cb951af-5f92-426f-aeba-33be4d0ea4a9",
    "data": [
      {
        "text": "tell me ",
        "userDefined": false
      },
      {
        "text": "tomorrow",
        "alias": "date",
        "meta": "@sys.date",
        "userDefined": false
      },
      {
        "text": "\u0027s weather",
        "userDefined": false
      }
    ],
    "isTemplate": false,
    "count": 0,
    "updated": 0
  },
  {
    "id": "a374817d-5a7f-4893-b2a0-6871fcc7e6f2",
    "data": [
      {
        "text": "what will the weather be like ",
        "userDefined": false
      },
      {
        "text": "tomorrow",
        "alias": "date",
        "meta": "@sys.date",
        "userDefined": false
      }
    ],
    "isTemplate": false,
    "count": 0,
    "updated": 0
  }
]