[
  {
    "id": "ada043ca-7abf-4b2d-acc8-ff4395fc7dfb",
    "data": [
      {
        "text": "sorry",
        "userDefined": false
      }
    ],
    "isTemplate": false,
    "count": 1,
    "updated": 0
  },
  {
    "id": "ec3eb657-d4be-4359-9586-0d758dc82848",
    "data": [
      {
        "text": "sorry ",
        "userDefined": false
      },
      {
        "text": "grandma",
        "alias": "goforebot",
        "meta": "@goforebot",
        "userDefined": false
      }
    ],
    "isTemplate": false,
    "count": 1,
    "updated": 0
  },
  {
    "id": "572f263b-7d9e-41bb-9ddd-1e377003866d",
    "data": [
      {
        "text": "i\u0027m sorry ",
        "userDefined": false
      },
      {
        "text": "granny",
        "alias": "goforebot",
        "meta": "@goforebot",
        "userDefined": false
      }
    ],
    "isTemplate": false,
    "count": 0,
    "updated": 0
  },
  {
    "id": "fae4a70e-adaf-4e58-9b92-ec37e7facd38",
    "data": [
      {
        "text": "sorry ",
        "userDefined": false
      },
      {
        "text": "granny",
        "alias": "goforebot",
        "meta": "@goforebot",
        "userDefined": false
      }
    ],
    "isTemplate": false,
    "count": 0,
    "updated": 0
  },
  {
    "id": "5cbbf3ec-f5b0-4c6c-8715-413377bd3086",
    "data": [
      {
        "text": "my bad",
        "userDefined": false
      }
    ],
    "isTemplate": false,
    "count": 0,
    "updated": 0
  },
  {
    "id": "ef29873c-3735-4eb5-9e78-c329ed254169",
    "data": [
      {
        "text": "whoops",
        "userDefined": false
      }
    ],
    "isTemplate": false,
    "count": 0,
    "updated": 0
  },
  {
    "id": "cf583df3-1c23-4a82-ab2c-820babe6721b",
    "data": [
      {
        "text": "oops",
        "userDefined": false
      }
    ],
    "isTemplate": false,
    "count": 0,
    "updated": 0
  },
  {
    "id": "ff40c302-5fee-4e6d-be9e-13911fdec0be",
    "data": [
      {
        "text": "mea culpa",
        "userDefined": false
      }
    ],
    "isTemplate": false,
    "count": 0,
    "updated": 0
  },
  {
    "id": "a4227c84-e7d3-45fe-afce-db38450e8078",
    "data": [
      {
        "text": "excuse me",
        "userDefined": false
      }
    ],
    "isTemplate": false,
    "count": 0,
    "updated": 0
  },
  {
    "id": "8c638446-6f3f-4bec-9812-dddc8d57f232",
    "data": [
      {
        "text": "i beg your pardon",
        "userDefined": false
      }
    ],
    "isTemplate": false,
    "count": 1,
    "updated": 0
  },
  {
    "id": "179a18bb-3489-4b36-a72f-294037f5a88d",
    "data": [
      {
        "text": "pardon me",
        "userDefined": false
      }
    ],
    "isTemplate": false,
    "count": 0,
    "updated": 0
  },
  {
    "id": "374b5117-8254-4278-92c5-db34888253ef",
    "data": [
      {
        "text": "pardon",
        "userDefined": false
      }
    ],
    "isTemplate": false,
    "count": 0,
    "updated": 0
  },
  {
    "id": "378cfa59-c475-4fd5-a241-ec66288bb8b5",
    "data": [
      {
        "text": "sorry about the other day",
        "userDefined": false
      }
    ],
    "isTemplate": false,
    "count": 0,
    "updated": 0
  },
  {
    "id": "b58828d9-c6ef-4689-a986-0eff6c65d432",
    "data": [
      {
        "text": "sorry about that",
        "userDefined": false
      }
    ],
    "isTemplate": false,
    "count": 0,
    "updated": 0
  },
  {
    "id": "d51c8af2-6095-4d04-a4e7-4faff020fd5e",
    "data": [
      {
        "text": "i am really sorry",
        "userDefined": false
      }
    ],
    "isTemplate": false,
    "count": 0,
    "updated": 0
  },
  {
    "id": "e15929c2-284c-40b6-a196-0f2f79c331ea",
    "data": [
      {
        "text": "i said sorry",
        "userDefined": false
      }
    ],
    "isTemplate": false,
    "count": 0,
    "updated": 0
  },
  {
    "id": "7660f5bb-5198-418d-befa-b7f77dfb64d3",
    "data": [
      {
        "text": "forgive me",
        "userDefined": false
      }
    ],
    "isTemplate": false,
    "count": 0,
    "updated": 0
  },
  {
    "id": "b98c9be9-b9cb-4026-ad25-f8fd56832b97",
    "data": [
      {
        "text": "i wanna apologise",
        "userDefined": false
      }
    ],
    "isTemplate": false,
    "count": 0,
    "updated": 0
  },
  {
    "id": "232a8a77-ca6c-4e1a-b3ba-fb1260d4a167",
    "data": [
      {
        "text": "i want to apologise",
        "userDefined": false
      }
    ],
    "isTemplate": false,
    "count": 0,
    "updated": 0
  },
  {
    "id": "4219e85f-8676-4797-8b32-2bed8c81f770",
    "data": [
      {
        "text": "i wanna say sorry",
        "userDefined": false
      }
    ],
    "isTemplate": false,
    "count": 0,
    "updated": 0
  },
  {
    "id": "0a703166-fd68-4c1b-b091-413861be319f",
    "data": [
      {
        "text": "i want to say sorry",
        "userDefined": false
      }
    ],
    "isTemplate": false,
    "count": 2,
    "updated": 0
  },
  {
    "id": "54a9fee3-4380-4577-b33a-cc004cd77e4d",
    "data": [
      {
        "text": "my apologies",
        "userDefined": false
      }
    ],
    "isTemplate": false,
    "count": 2,
    "updated": 0
  },
  {
    "id": "190e1181-ff30-4c0c-9ffe-a0e3dd502cb7",
    "data": [
      {
        "text": "apologies",
        "userDefined": false
      }
    ],
    "isTemplate": false,
    "count": 0,
    "updated": 0
  },
  {
    "id": "393675a4-a427-4e5d-8b10-18c4a664b5f0",
    "data": [
      {
        "text": "very sorry",
        "userDefined": false
      }
    ],
    "isTemplate": false,
    "count": 0,
    "updated": 0
  },
  {
    "id": "cd9ef500-6223-4f19-bb10-3cce505990f3",
    "data": [
      {
        "text": "alright i am sorry",
        "userDefined": false
      }
    ],
    "isTemplate": false,
    "count": 0,
    "updated": 0
  },
  {
    "id": "10239e78-ce95-4912-9239-8380ce658770",
    "data": [
      {
        "text": "alright i\u0027m sorry",
        "userDefined": false
      }
    ],
    "isTemplate": false,
    "count": 0,
    "updated": 0
  },
  {
    "id": "3d8c1a2c-5d93-4f62-8129-cd7169a45fd3",
    "data": [
      {
        "text": "so sorry",
        "userDefined": false
      }
    ],
    "isTemplate": false,
    "count": 0,
    "updated": 0
  },
  {
    "id": "507899d6-7f1d-4c21-a7f3-75980c916abc",
    "data": [
      {
        "text": "i am so sorry",
        "userDefined": false
      }
    ],
    "isTemplate": false,
    "count": 0,
    "updated": 0
  },
  {
    "id": "8ff0bf50-e383-46e4-adb0-3bf3506e4dbe",
    "data": [
      {
        "text": "ok sorry",
        "userDefined": false
      }
    ],
    "isTemplate": false,
    "count": 0,
    "updated": 0
  },
  {
    "id": "82614f3d-5313-4c22-9cba-14a768e68408",
    "data": [
      {
        "text": "i am sorry",
        "userDefined": false
      }
    ],
    "isTemplate": false,
    "count": 0,
    "updated": 0
  },
  {
    "id": "2cf5db19-e0de-485b-9cab-93141742d398",
    "data": [
      {
        "text": "i\u0027m sorry",
        "userDefined": false
      }
    ],
    "isTemplate": false,
    "count": 0,
    "updated": 0
  }
]