[
  {
    "id": "d07bc3ae-b3d5-4b71-9597-61b3b17e9c21",
    "data": [
      {
        "text": "you\u0027re welcome",
        "userDefined": false
      }
    ],
    "isTemplate": false,
    "count": 2,
    "updated": 0
  },
  {
    "id": "057929b5-6dc4-4b10-8ebb-57702dc88d67",
    "data": [
      {
        "text": "ollos hyvä",
        "userDefined": false
      }
    ],
    "isTemplate": false,
    "count": 0,
    "updated": 0
  },
  {
    "id": "73ccb0df-8d97-43e6-85d7-d200b2d459a8",
    "data": [
      {
        "text": "oleppa hyvä",
        "userDefined": false
      }
    ],
    "isTemplate": false,
    "count": 0,
    "updated": 0
  },
  {
    "id": "f89032d7-8eb6-4766-aedb-4b92b2086f1f",
    "data": [
      {
        "text": "olepa hyvä",
        "userDefined": false
      }
    ],
    "isTemplate": false,
    "count": 0,
    "updated": 0
  },
  {
    "id": "5de2bf0c-b287-4e77-bd5d-6ad0eaaea4a2",
    "data": [
      {
        "text": "sure welcome",
        "userDefined": false
      }
    ],
    "isTemplate": false,
    "count": 0,
    "updated": 0
  },
  {
    "id": "0820efea-faf2-4c89-909c-f6c8a8833f25",
    "data": [
      {
        "text": "welcome",
        "userDefined": false
      }
    ],
    "isTemplate": false,
    "count": 0,
    "updated": 0
  },
  {
    "id": "62fa6d91-502b-4283-bfcb-fac38079ec29",
    "data": [
      {
        "text": "my pleasure",
        "userDefined": false
      }
    ],
    "isTemplate": false,
    "count": 0,
    "updated": 0
  },
  {
    "id": "5bae1535-92e7-492d-9b44-6e9014009b6a",
    "data": [
      {
        "text": "anything you want",
        "userDefined": false
      }
    ],
    "isTemplate": false,
    "count": 0,
    "updated": 0
  },
  {
    "id": "ff45d995-cf55-4238-ade1-918f465f4c77",
    "data": [
      {
        "text": "anytime",
        "userDefined": false
      }
    ],
    "isTemplate": false,
    "count": 2,
    "updated": 0
  },
  {
    "id": "2d369288-12d0-4198-8e1f-159b255bee86",
    "data": [
      {
        "text": "ole hyvä",
        "userDefined": false
      }
    ],
    "isTemplate": false,
    "count": 0,
    "updated": 0
  },
  {
    "id": "c2b3a621-666b-4cbf-8f0c-d5858c89c396",
    "data": [
      {
        "text": "you are so welcome",
        "userDefined": false
      }
    ],
    "isTemplate": false,
    "count": 0,
    "updated": 0
  },
  {
    "id": "64f7626e-776c-4d95-9ccc-6781ec262656",
    "data": [
      {
        "text": "you\u0027re so welcome",
        "userDefined": false
      }
    ],
    "isTemplate": false,
    "count": 0,
    "updated": 0
  },
  {
    "id": "10156260-da00-4143-9506-abbf116b52a5",
    "data": [
      {
        "text": "you are welcome",
        "userDefined": false
      }
    ],
    "isTemplate": false,
    "count": 0,
    "updated": 0
  }
]