[
  {
    "id": "f965f626-cc5a-47eb-846a-86af64f9744e",
    "data": [
      {
        "text": "no",
        "userDefined": false
      }
    ],
    "isTemplate": false,
    "count": 0,
    "updated": 0
  },
  {
    "id": "0dce83d7-c5ee-4417-9e5d-741de64c9852",
    "data": [
      {
        "text": "No thanks",
        "userDefined": false
      }
    ],
    "isTemplate": false,
    "count": 0,
    "updated": 0
  },
  {
    "id": "7da554af-7417-464e-92ad-66046ed82d73",
    "data": [
      {
        "text": "nope",
        "userDefined": false
      }
    ],
    "isTemplate": false,
    "count": 0,
    "updated": 0
  },
  {
    "id": "d7c9ec02-abd8-44c1-b242-43f800e16974",
    "data": [
      {
        "text": "ei nyt",
        "userDefined": false
      }
    ],
    "isTemplate": false,
    "count": 0,
    "updated": 0
  },
  {
    "id": "61449798-e239-4117-a4ba-8772eca66ca4",
    "data": [
      {
        "text": "ei ei",
        "userDefined": false
      }
    ],
    "isTemplate": false,
    "count": 0,
    "updated": 0
  },
  {
    "id": "ad0a3041-cba2-4ba6-8b3b-519597e70aaa",
    "data": [
      {
        "text": "ei",
        "userDefined": false
      }
    ],
    "isTemplate": false,
    "count": 0,
    "updated": 0
  },
  {
    "id": "0b2aa9e9-e670-44f8-b043-fd5b32f447a9",
    "data": [
      {
        "text": "not now",
        "userDefined": false
      }
    ],
    "isTemplate": false,
    "count": 0,
    "updated": 0
  },
  {
    "id": "096c4015-acda-49d0-8f80-9db713b57189",
    "data": [
      {
        "text": "not at this time",
        "userDefined": false
      }
    ],
    "isTemplate": false,
    "count": 0,
    "updated": 0
  },
  {
    "id": "80665a54-0af2-4e21-a260-fc3523e05311",
    "data": [
      {
        "text": "absolutely no",
        "userDefined": false
      }
    ],
    "isTemplate": false,
    "count": 0,
    "updated": 0
  },
  {
    "id": "a07ae54c-567d-4a25-9508-4831254b6fae",
    "data": [
      {
        "text": "absolutely not",
        "userDefined": false
      }
    ],
    "isTemplate": false,
    "count": 0,
    "updated": 0
  },
  {
    "id": "5f3290e2-552c-4007-9c50-5423afd80f73",
    "data": [
      {
        "text": "never",
        "userDefined": false
      }
    ],
    "isTemplate": false,
    "count": 1,
    "updated": 0
  },
  {
    "id": "e2cb79e0-bdd2-4825-a285-6a0a4726eed9",
    "data": [
      {
        "text": "not needed",
        "userDefined": false
      }
    ],
    "isTemplate": false,
    "count": 1,
    "updated": 0
  },
  {
    "id": "edf7314c-958f-46f4-ba4d-16eb7f4ef9ee",
    "data": [
      {
        "text": "don\u0027t",
        "userDefined": false
      }
    ],
    "isTemplate": false,
    "count": 0,
    "updated": 0
  },
  {
    "id": "eaced080-0fd4-4a16-b4a7-7f458fe68303",
    "data": [
      {
        "text": "do not",
        "userDefined": false
      }
    ],
    "isTemplate": false,
    "count": 0,
    "updated": 0
  },
  {
    "id": "88b5c247-a3bd-474e-868d-621ebef68215",
    "data": [
      {
        "text": "sorry no",
        "userDefined": false
      }
    ],
    "isTemplate": false,
    "count": 0,
    "updated": 0
  },
  {
    "id": "c2756a65-0de8-4b10-95a7-0b8ff78fd0cf",
    "data": [
      {
        "text": "of course not",
        "userDefined": false
      }
    ],
    "isTemplate": false,
    "count": 0,
    "updated": 0
  },
  {
    "id": "e37b5192-18a0-4e87-86ac-6302c78ad0c0",
    "data": [
      {
        "text": "no forget it",
        "userDefined": false
      }
    ],
    "isTemplate": false,
    "count": 2,
    "updated": 0
  }
]