[
  {
    "id": "4abd0585-3926-4d5b-b324-90568f111341",
    "data": [
      {
        "text": "hahaha",
        "userDefined": false
      }
    ],
    "isTemplate": false,
    "count": 1,
    "updated": 0
  },
  {
    "id": "84c53407-fd1b-4c17-a497-e83b4ee4a991",
    "data": [
      {
        "text": "LOL",
        "userDefined": false
      }
    ],
    "isTemplate": false,
    "count": 0,
    "updated": 0
  },
  {
    "id": "25a27cf6-9305-4ff8-915d-f3f185055ef5",
    "data": [
      {
        "text": "lol",
        "userDefined": false
      }
    ],
    "isTemplate": false,
    "count": 1,
    "updated": 0
  },
  {
    "id": "3feccbc8-5712-4f7b-8bc5-8e97a1320149",
    "data": [
      {
        "text": "rolf",
        "userDefined": false
      }
    ],
    "isTemplate": false,
    "count": 0,
    "updated": 0
  },
  {
    "id": "9d1377c0-62be-44fc-ad87-d84da2e8577e",
    "data": [
      {
        "text": ":laughing:",
        "userDefined": false
      }
    ],
    "isTemplate": false,
    "count": 0,
    "updated": 0
  },
  {
    "id": "23989366-3d05-4ded-a2dc-0bcdf57cba6c",
    "data": [
      {
        "text": "hahaa",
        "userDefined": false
      }
    ],
    "isTemplate": false,
    "count": 0,
    "updated": 0
  },
  {
    "id": "02238729-f359-4f41-b4dc-9ef30e1585b8",
    "data": [
      {
        "text": "HAH",
        "userDefined": false
      }
    ],
    "isTemplate": false,
    "count": 0,
    "updated": 0
  },
  {
    "id": "87d098b1-cfbc-47f9-b20a-475972a947f1",
    "data": [
      {
        "text": "hahahaha",
        "userDefined": false
      }
    ],
    "isTemplate": false,
    "count": 0,
    "updated": 0
  },
  {
    "id": "fe458553-79e3-4f6c-8fa6-fd8fa44eca05",
    "data": [
      {
        "text": "LOLLOL",
        "userDefined": false
      }
    ],
    "isTemplate": false,
    "count": 1,
    "updated": 0
  },
  {
    "id": "cbd2a10b-ebf7-4128-933c-593fe0f8cdf3",
    "data": [
      {
        "text": "looool",
        "userDefined": false
      }
    ],
    "isTemplate": false,
    "count": 0,
    "updated": 0
  },
  {
    "id": "3ce1fc15-40cf-4ec3-9fd9-6fc9bafe1caa",
    "data": [
      {
        "text": "loool",
        "userDefined": false
      }
    ],
    "isTemplate": false,
    "count": 0,
    "updated": 0
  },
  {
    "id": "56381daf-cf61-4fff-ae47-f746ba2973c8",
    "data": [
      {
        "text": "loooool",
        "userDefined": false
      }
    ],
    "isTemplate": false,
    "count": 0,
    "updated": 0
  },
  {
    "id": "c1f4c528-d925-4c4f-9d4e-0c62b745e0a7",
    "data": [
      {
        "text": "i liked that",
        "userDefined": false
      }
    ],
    "isTemplate": false,
    "count": 0,
    "updated": 0
  },
  {
    "id": "d40335f6-062d-44e7-b156-35e452d18952",
    "data": [
      {
        "text": "oh liked that",
        "userDefined": false
      }
    ],
    "isTemplate": false,
    "count": 0,
    "updated": 0
  },
  {
    "id": "50fe7ecd-e4b5-4047-8ca2-c501316c9570",
    "data": [
      {
        "text": "funny",
        "userDefined": false
      }
    ],
    "isTemplate": false,
    "count": 0,
    "updated": 0
  },
  {
    "id": "f26b7b4a-5a2c-440a-a87b-f28fb8ba0124",
    "data": [
      {
        "text": "that was good",
        "userDefined": false
      }
    ],
    "isTemplate": false,
    "count": 0,
    "updated": 0
  },
  {
    "id": "a611f487-8b27-4e1c-aa2e-573b41fcc756",
    "data": [
      {
        "text": "that was funny",
        "userDefined": false
      }
    ],
    "isTemplate": false,
    "count": 1,
    "updated": 0
  },
  {
    "id": "26c3269f-4d3c-4699-8080-7afa44199fdc",
    "data": [
      {
        "text": "lolololol",
        "userDefined": false
      }
    ],
    "isTemplate": false,
    "count": 0,
    "updated": 0
  }
]