[
  {
    "id": "e39e9294-e818-4a9a-9964-685e1f7d2f4d",
    "data": [
      {
        "text": "tell me a joke",
        "userDefined": false
      }
    ],
    "isTemplate": false,
    "count": 1,
    "updated": 0
  },
  {
    "id": "f460bb4e-19a8-4176-a967-4bb221601da7",
    "data": [
      {
        "text": "another joke",
        "userDefined": false
      }
    ],
    "isTemplate": false,
    "count": 1,
    "updated": 0
  },
  {
    "id": "e6cd5249-1c46-47f1-9618-3ac02b17b45d",
    "data": [
      {
        "text": "joke",
        "userDefined": false
      }
    ],
    "isTemplate": false,
    "count": 4,
    "updated": 0
  },
  {
    "id": "1249b16f-1b2d-4e30-83a9-a8807d8661de",
    "data": [
      {
        "text": "Joke",
        "userDefined": false
      }
    ],
    "isTemplate": false,
    "count": 9,
    "updated": 0
  },
  {
    "id": "6d5c7418-3195-42e7-86c4-9e36b0af3387",
    "data": [
      {
        "text": "Another joke",
        "userDefined": false
      }
    ],
    "isTemplate": false,
    "count": 0,
    "updated": 0
  },
  {
    "id": "c5b037f2-3d30-467c-a889-e4af77d2d06d",
    "data": [
      {
        "text": "tell joke",
        "userDefined": false
      }
    ],
    "isTemplate": false,
    "count": 0,
    "updated": 0
  },
  {
    "id": "bace3122-1eab-40d6-b0fa-6de815f44996",
    "data": [
      {
        "text": "Tell joke pls",
        "userDefined": false
      }
    ],
    "isTemplate": false,
    "count": 0,
    "updated": 0
  },
  {
    "id": "31520d23-12a4-40d9-b8dc-48fc40e4bb18",
    "data": [
      {
        "text": "Tell me a joke!",
        "userDefined": false
      }
    ],
    "isTemplate": false,
    "count": 0,
    "updated": 0
  },
  {
    "id": "4f3a827e-b50a-445b-b276-0492ec682f81",
    "data": [
      {
        "text": "tell a joke",
        "userDefined": false
      }
    ],
    "isTemplate": false,
    "count": 1,
    "updated": 0
  },
  {
    "id": "54e8dba4-2cdd-4c1c-820f-ec766128e743",
    "data": [
      {
        "text": "tell a joke granny",
        "userDefined": false
      }
    ],
    "isTemplate": false,
    "count": 1,
    "updated": 0
  },
  {
    "id": "5d77bb12-670d-409a-8ac1-7a822c4ec928",
    "data": [
      {
        "text": "tell your joke",
        "userDefined": false
      }
    ],
    "isTemplate": false,
    "count": 0,
    "updated": 0
  },
  {
    "id": "12331cca-dc15-493a-b0db-16ee145f12a2",
    "data": [
      {
        "text": "tell another joke",
        "userDefined": false
      }
    ],
    "isTemplate": false,
    "count": 1,
    "updated": 0
  },
  {
    "id": "3f1652f4-3ad0-46d2-b89e-1a96e166467f",
    "data": [
      {
        "text": "Tell a joke",
        "userDefined": false
      }
    ],
    "isTemplate": false,
    "count": 1,
    "updated": 0
  },
  {
    "id": "408ea800-38f0-4cc9-83cb-6763527aeee3",
    "data": [
      {
        "text": "tell me joke",
        "userDefined": false
      }
    ],
    "isTemplate": false,
    "count": 1,
    "updated": 0
  },
  {
    "id": "5bcde8a4-2e19-47df-bec6-503eeb224e0f",
    "data": [
      {
        "text": "Tell me a joke",
        "userDefined": false
      }
    ],
    "isTemplate": false,
    "count": 1,
    "updated": 0
  },
  {
    "id": "11608e59-b76c-4e82-8ce1-46e58e2bf171",
    "data": [
      {
        "text": "Tell me joke",
        "userDefined": false
      }
    ],
    "isTemplate": false,
    "count": 0,
    "updated": 0
  },
  {
    "id": "cc978b07-0b64-4b28-906b-b5a4e4f9d9d1",
    "data": [
      {
        "text": "Tell joke",
        "userDefined": false
      }
    ],
    "isTemplate": false,
    "count": 1,
    "updated": 0
  },
  {
    "id": "e021664a-0872-4de1-b1fe-4c03eda622b0",
    "data": [
      {
        "text": "Got good jokes?",
        "userDefined": false
      }
    ],
    "isTemplate": false,
    "count": 0,
    "updated": 0
  },
  {
    "id": "d7c95adf-c2b1-43c2-abc8-e6a35f67fd8f",
    "data": [
      {
        "text": "Another",
        "userDefined": false
      }
    ],
    "isTemplate": false,
    "count": 0,
    "updated": 0
  },
  {
    "id": "1c543d2a-c8b3-4fd8-a715-ac07b2e147cd",
    "data": [
      {
        "text": "More jokes",
        "userDefined": false
      }
    ],
    "isTemplate": false,
    "count": 0,
    "updated": 0
  },
  {
    "id": "fbf6fc82-e2a7-4ac2-b4a8-49291a265791",
    "data": [
      {
        "text": "can you tell me a joke",
        "userDefined": false
      }
    ],
    "isTemplate": false,
    "count": 0,
    "updated": 0
  },
  {
    "id": "9c13f542-13ac-4004-aa0b-b3c16fe3931b",
    "data": [
      {
        "text": "another joke, i mean",
        "userDefined": false
      }
    ],
    "isTemplate": false,
    "count": 0,
    "updated": 0
  },
  {
    "id": "263883d1-ff71-49eb-b890-1fe43ed36b8b",
    "data": [
      {
        "text": "tell me a bad joke",
        "userDefined": false
      }
    ],
    "isTemplate": false,
    "count": 0,
    "updated": 0
  },
  {
    "id": "f8f5f8ff-8d34-4ae9-b676-0631006cd5fa",
    "data": [
      {
        "text": "tel bad joke",
        "userDefined": false
      }
    ],
    "isTemplate": false,
    "count": 0,
    "updated": 0
  },
  {
    "id": "7d1564a5-1fe4-4621-ab42-c1afbdf8e993",
    "data": [
      {
        "text": "tell bad joke",
        "userDefined": false
      }
    ],
    "isTemplate": false,
    "count": 0,
    "updated": 0
  },
  {
    "id": "96447a04-4694-464d-94c4-b8bbeed00f00",
    "data": [
      {
        "text": "Say something funny",
        "userDefined": false
      }
    ],
    "isTemplate": false,
    "count": 0,
    "updated": 0
  },
  {
    "id": "0ef1dff0-e8fb-4dbb-bd9b-40c5a05129d5",
    "data": [
      {
        "text": "Tell me a joke, please",
        "userDefined": false
      }
    ],
    "isTemplate": false,
    "count": 0,
    "updated": 0
  },
  {
    "id": "6280c19a-b1dc-4c66-96a7-a209900b5992",
    "data": [
      {
        "text": "another joke?",
        "userDefined": false
      }
    ],
    "isTemplate": false,
    "count": 0,
    "updated": 0
  },
  {
    "id": "1bd23832-152c-4f9c-a70f-4f599ff095e7",
    "data": [
      {
        "text": "joke please",
        "userDefined": false
      }
    ],
    "isTemplate": false,
    "count": 1,
    "updated": 0
  },
  {
    "id": "c77b31d5-8481-4ee7-a3ed-46b60e10c2d4",
    "data": [
      {
        "text": "can you make me laugh",
        "userDefined": false
      }
    ],
    "isTemplate": false,
    "count": 0,
    "updated": 0
  },
  {
    "id": "cba0097e-c4ce-467e-9960-eca5f36349ca",
    "data": [
      {
        "text": "tell me a joke granny",
        "userDefined": false
      }
    ],
    "isTemplate": false,
    "count": 1,
    "updated": 0
  },
  {
    "id": "8387e620-d3cb-4621-891e-5402fa00895f",
    "data": [
      {
        "text": "Could you please tell me a joke",
        "userDefined": false
      }
    ],
    "isTemplate": false,
    "count": 1,
    "updated": 0
  },
  {
    "id": "b7645b38-7726-4ba3-aa2c-d8d64824b8b1",
    "data": [
      {
        "text": "tell me another joke",
        "userDefined": false
      }
    ],
    "isTemplate": false,
    "count": 1,
    "updated": 0
  },
  {
    "id": "480aff4f-d45e-4b85-8280-78ad6cd5d26e",
    "data": [
      {
        "text": "Tell a joke granny",
        "userDefined": false
      }
    ],
    "isTemplate": false,
    "count": 0,
    "updated": 0
  },
  {
    "id": "414f4535-e0dc-47b8-b39a-0a4e86709167",
    "data": [
      {
        "text": "tell me more jokes",
        "userDefined": false
      }
    ],
    "isTemplate": false,
    "count": 0,
    "updated": 0
  },
  {
    "id": "a1aec12b-e55c-4d0f-b7ab-9ea77631b4d0",
    "data": [
      {
        "text": "Tell me a joke grandma",
        "userDefined": false
      }
    ],
    "isTemplate": false,
    "count": 0,
    "updated": 0
  },
  {
    "id": "bc023797-18cd-4bb5-833e-2e433c4d143d",
    "data": [
      {
        "text": "Tell me another joke",
        "userDefined": false
      }
    ],
    "isTemplate": false,
    "count": 0,
    "updated": 0
  },
  {
    "id": "31ca3108-6b3e-4dcb-a678-985aa93ee857",
    "data": [
      {
        "text": "One more joke?",
        "userDefined": false
      }
    ],
    "isTemplate": false,
    "count": 1,
    "updated": 0
  },
  {
    "id": "fbbd56e0-f38e-402e-b363-272b76405ab5",
    "data": [
      {
        "text": "Could you come up with another joke?",
        "userDefined": false
      }
    ],
    "isTemplate": false,
    "count": 0,
    "updated": 0
  },
  {
    "id": "ea74c493-d6ee-4967-bd45-6a9ec33a6839",
    "data": [
      {
        "text": "Make me laugh",
        "userDefined": false
      }
    ],
    "isTemplate": false,
    "count": 0,
    "updated": 0
  },
  {
    "id": "a6697de4-79d8-42d0-90fb-e79cc242dc6c",
    "data": [
      {
        "text": "joke?",
        "userDefined": false
      }
    ],
    "isTemplate": false,
    "count": 2,
    "updated": 0
  },
  {
    "id": "84cf3162-2f62-4992-a469-5934945e69b9",
    "data": [
      {
        "text": "tell me a joke grandma",
        "userDefined": false
      }
    ],
    "isTemplate": false,
    "count": 1,
    "updated": 0
  },
  {
    "id": "456129ec-0df6-44cc-8351-6d2121f245c7",
    "data": [
      {
        "text": "do you have other jokes?",
        "userDefined": false
      }
    ],
    "isTemplate": false,
    "count": 1,
    "updated": 0
  },
  {
    "id": "cb5365cb-5905-4aed-9b9d-d22abfff37ad",
    "data": [
      {
        "text": "I want to hear a joke.",
        "userDefined": false
      }
    ],
    "isTemplate": false,
    "count": 0,
    "updated": 0
  },
  {
    "id": "fd402ee2-7a35-4227-a089-c4a9d6036491",
    "data": [
      {
        "text": "I\u0027d like to hear a joke.",
        "userDefined": false
      }
    ],
    "isTemplate": false,
    "count": 0,
    "updated": 0
  },
  {
    "id": "790c8134-1768-49ac-8514-4c4e23532ed1",
    "data": [
      {
        "text": "Could you tell me a joke?",
        "userDefined": false
      }
    ],
    "isTemplate": false,
    "count": 0,
    "updated": 0
  },
  {
    "id": "4cd1b7bf-bd0f-4589-817e-8f32989d2e6d",
    "data": [
      {
        "text": "Can you make me laugh?",
        "userDefined": false
      }
    ],
    "isTemplate": false,
    "count": 0,
    "updated": 0
  },
  {
    "id": "8a6639c3-643d-4a09-89c7-dd32d2d08d8e",
    "data": [
      {
        "text": "Could you make me laugh?",
        "userDefined": false
      }
    ],
    "isTemplate": false,
    "count": 0,
    "updated": 0
  },
  {
    "id": "71551da9-fc01-44e1-8df7-c19efa3e82df",
    "data": [
      {
        "text": "I need a laugh.",
        "userDefined": false
      }
    ],
    "isTemplate": false,
    "count": 0,
    "updated": 0
  },
  {
    "id": "3fd3fe4d-22f9-4850-a6fb-cb604dc02586",
    "data": [
      {
        "text": "Could you cheer me up with a joke?",
        "userDefined": false
      }
    ],
    "isTemplate": false,
    "count": 0,
    "updated": 0
  },
  {
    "id": "bebe7006-f6ec-4af8-a173-afc214a47a0f",
    "data": [
      {
        "text": "Can you tell me a joke?",
        "userDefined": false
      }
    ],
    "isTemplate": false,
    "count": 0,
    "updated": 0
  },
  {
    "id": "9995c6c1-5e6e-4ed5-bed5-da11d5e1d14f",
    "data": [
      {
        "text": "Do you know any jokes?",
        "userDefined": false
      }
    ],
    "isTemplate": false,
    "count": 0,
    "updated": 0
  }
]