[
  {
    "id": "f48af66b-3ae0-4e08-ac40-c9a228131a0e",
    "data": [
      {
        "text": "wait a minute",
        "userDefined": false
      }
    ],
    "isTemplate": false,
    "count": 0,
    "updated": 0
  },
  {
    "id": "e6e54f46-739d-4408-a682-4655070d2e70",
    "data": [
      {
        "text": "wait",
        "userDefined": false
      }
    ],
    "isTemplate": false,
    "count": 0,
    "updated": 0
  },
  {
    "id": "c053a615-a5b6-4453-9a11-0a8d80a83ac6",
    "data": [
      {
        "text": "wait please",
        "userDefined": false
      }
    ],
    "isTemplate": false,
    "count": 0,
    "updated": 0
  },
  {
    "id": "9f4e78af-ca99-4ce5-8f45-f13eacf7c725",
    "data": [
      {
        "text": "hold on",
        "userDefined": false
      }
    ],
    "isTemplate": false,
    "count": 0,
    "updated": 0
  },
  {
    "id": "9d046a86-cf1d-46cf-a107-f242ccdc4290",
    "data": [
      {
        "text": "wait hold on",
        "userDefined": false
      }
    ],
    "isTemplate": false,
    "count": 0,
    "updated": 0
  },
  {
    "id": "3b7f5f16-4098-4e3e-b96c-2642671f8046",
    "data": [
      {
        "text": "wait a second",
        "userDefined": false
      }
    ],
    "isTemplate": false,
    "count": 0,
    "updated": 0
  },
  {
    "id": "3e61591b-92d5-4019-aaad-1773e1ae687f",
    "data": [
      {
        "text": "don\u0027t rush",
        "userDefined": false
      }
    ],
    "isTemplate": false,
    "count": 0,
    "updated": 0
  },
  {
    "id": "940512fc-ed8f-4ef5-be18-1fc001bb8680",
    "data": [
      {
        "text": "please wait",
        "userDefined": false
      }
    ],
    "isTemplate": false,
    "count": 0,
    "updated": 0
  },
  {
    "id": "e7fbbf91-cc8c-4f18-85ea-2d76ec580f1d",
    "data": [
      {
        "text": "could you wait",
        "userDefined": false
      }
    ],
    "isTemplate": false,
    "count": 0,
    "updated": 0
  },
  {
    "id": "4c27ed0c-d43e-44c1-8ff7-ad336b64d077",
    "data": [
      {
        "text": "oh wait",
        "userDefined": false
      }
    ],
    "isTemplate": false,
    "count": 0,
    "updated": 0
  }
]