[
  {
    "id": "6af525a9-1fd4-486c-8939-519c9323c1c0",
    "data": [
      {
        "text": "cheat codes for life",
        "userDefined": false
      }
    ],
    "isTemplate": false,
    "count": 0,
    "updated": 0
  },
  {
    "id": "4bfc1482-47b3-4455-8912-9d722fb39f59",
    "data": [
      {
        "text": "life cheat codes",
        "userDefined": false
      }
    ],
    "isTemplate": false,
    "count": 0,
    "updated": 0
  },
  {
    "id": "15fadaa6-ee2d-4f2d-aedc-f809a08ad8cf",
    "data": [
      {
        "text": "cheats for life",
        "userDefined": false
      }
    ],
    "isTemplate": false,
    "count": 1,
    "updated": 0
  },
  {
    "id": "e0e2b9aa-7a61-49f3-a68f-dbaf7457aeb0",
    "data": [
      {
        "text": "any life hacks",
        "userDefined": false
      }
    ],
    "isTemplate": false,
    "count": 0,
    "updated": 0
  },
  {
    "id": "d7b50721-0f1a-4bd3-b794-a1542fa43007",
    "data": [
      {
        "text": "give me cheat codes",
        "userDefined": false
      }
    ],
    "isTemplate": false,
    "count": 0,
    "updated": 0
  },
  {
    "id": "31aa0661-c1e2-4424-aafc-f6fbc8f0ba0e",
    "data": [
      {
        "text": "do you know cheat codes",
        "userDefined": false
      }
    ],
    "isTemplate": false,
    "count": 0,
    "updated": 0
  },
  {
    "id": "57ea6973-416c-4dab-babf-764adc15c2c0",
    "data": [
      {
        "text": "do you know any cheat codes",
        "userDefined": false
      }
    ],
    "isTemplate": false,
    "count": 0,
    "updated": 0
  },
  {
    "id": "f2f737f5-8e51-4af4-845b-f551806ff3a9",
    "data": [
      {
        "text": "life\u0027s cheat codes",
        "userDefined": false
      }
    ],
    "isTemplate": false,
    "count": 0,
    "updated": 0
  },
  {
    "id": "b2c70e4f-7bfd-4857-9992-07e65fa72802",
    "data": [
      {
        "text": "Cheat codes for life",
        "userDefined": false
      }
    ],
    "isTemplate": false,
    "count": 0,
    "updated": 0
  }
]