[
  {
    "id": "42b9a666-6278-450f-bc0f-994c3812f86d",
    "data": [
      {
        "text": "What is love?",
        "userDefined": false
      }
    ],
    "isTemplate": false,
    "count": 1,
    "updated": 0
  },
  {
    "id": "9a8f9dd0-9992-408d-ae79-54654239b8f2",
    "data": [
      {
        "text": "what is love",
        "userDefined": false
      }
    ],
    "isTemplate": false,
    "count": 4,
    "updated": 0
  },
  {
    "id": "e3bade92-5815-4565-98c2-06cc6818bd9a",
    "data": [
      {
        "text": "what is love?",
        "userDefined": false
      }
    ],
    "isTemplate": false,
    "count": 0,
    "updated": 0
  },
  {
    "id": "ce06b193-f338-4787-866f-a43035e090b3",
    "data": [
      {
        "text": "what love is?",
        "userDefined": false
      }
    ],
    "isTemplate": false,
    "count": 0,
    "updated": 0
  }
]