[
  {
    "id": "d0493cb8-9059-4b75-b618-ec0259a0d6fd",
    "data": [
      {
        "text": "i\u0027m kind of busy",
        "userDefined": false
      }
    ],
    "isTemplate": false,
    "count": 1,
    "updated": 0
  },
  {
    "id": "9ea8d1d3-8057-4e79-8c39-b716b1c9d4de",
    "data": [
      {
        "text": "imma busy",
        "userDefined": false
      }
    ],
    "isTemplate": false,
    "count": 0,
    "updated": 0
  },
  {
    "id": "60ba9b4f-e9c0-4369-a62f-a817feee65d7",
    "data": [
      {
        "text": "i\u0027m super busy",
        "userDefined": false
      }
    ],
    "isTemplate": false,
    "count": 0,
    "updated": 0
  },
  {
    "id": "756a4987-513e-49ce-9d38-d23f03679267",
    "data": [
      {
        "text": "i\u0027m in a meeting",
        "userDefined": false
      }
    ],
    "isTemplate": false,
    "count": 0,
    "updated": 0
  },
  {
    "id": "bb258dd7-b446-4dc0-94a9-aad8d8f1c8de",
    "data": [
      {
        "text": "i have no time",
        "userDefined": false
      }
    ],
    "isTemplate": false,
    "count": 0,
    "updated": 0
  },
  {
    "id": "999c6fb8-033a-4bc8-ad04-37fab5429f41",
    "data": [
      {
        "text": "i\u0027m working",
        "userDefined": false
      }
    ],
    "isTemplate": false,
    "count": 0,
    "updated": 0
  },
  {
    "id": "26c9baae-5447-49c2-8227-234db0b4dc0f",
    "data": [
      {
        "text": "I got work to do",
        "userDefined": false
      }
    ],
    "isTemplate": false,
    "count": 0,
    "updated": 0
  },
  {
    "id": "bbf12bc8-f983-471d-b02e-6fbd19030731",
    "data": [
      {
        "text": "i am too busy to talk",
        "userDefined": false
      }
    ],
    "isTemplate": false,
    "count": 0,
    "updated": 0
  },
  {
    "id": "5011bdfe-e1df-4b5c-a64e-f5cce4f1eac5",
    "data": [
      {
        "text": "i don\u0027t have time to talk",
        "userDefined": false
      }
    ],
    "isTemplate": false,
    "count": 0,
    "updated": 0
  },
  {
    "id": "380a7363-3719-47d1-88e3-890bce4a6765",
    "data": [
      {
        "text": "I don\u0027t have time for this",
        "userDefined": false
      }
    ],
    "isTemplate": false,
    "count": 0,
    "updated": 0
  },
  {
    "id": "71d40b81-9ead-4300-b203-a72ed59ad979",
    "data": [
      {
        "text": "I got things to do",
        "userDefined": false
      }
    ],
    "isTemplate": false,
    "count": 0,
    "updated": 0
  },
  {
    "id": "df62357a-eaa8-46a8-9c67-2837e96b88ac",
    "data": [
      {
        "text": "i am very busy",
        "userDefined": false
      }
    ],
    "isTemplate": false,
    "count": 0,
    "updated": 0
  },
  {
    "id": "26f75b83-2efc-4adc-9cb3-7e1bc811e143",
    "data": [
      {
        "text": "I\u0027m busy",
        "userDefined": false
      }
    ],
    "isTemplate": false,
    "count": 0,
    "updated": 0
  }
]