[
  {
    "id": "6ebfbbee-39d9-42c1-bbe1-e30b60f13409",
    "data": [
      {
        "text": "i am feeling isolated",
        "userDefined": false
      }
    ],
    "isTemplate": false,
    "count": 0,
    "updated": 0
  },
  {
    "id": "a50bfb78-2baa-4777-b8e5-3b687fb214f1",
    "data": [
      {
        "text": "i feel isolated",
        "userDefined": false
      }
    ],
    "isTemplate": false,
    "count": 1,
    "updated": 0
  },
  {
    "id": "2e519f77-40c7-4be8-803a-31f9c6e99c4f",
    "data": [
      {
        "text": "I am feeling lonely",
        "userDefined": false
      }
    ],
    "isTemplate": false,
    "count": 0,
    "updated": 0
  },
  {
    "id": "c2e4e6a5-76f4-47d3-ae60-871f33021bcb",
    "data": [
      {
        "text": "I\u0027m very lonely",
        "userDefined": false
      }
    ],
    "isTemplate": false,
    "count": 0,
    "updated": 0
  },
  {
    "id": "1d97fd57-2833-420c-9ba8-af163b6a0ce8",
    "data": [
      {
        "text": "I feel alone",
        "userDefined": false
      }
    ],
    "isTemplate": false,
    "count": 0,
    "updated": 0
  },
  {
    "id": "49213990-0b1f-421e-80fd-8a4f024dbf61",
    "data": [
      {
        "text": "I feel lonely",
        "userDefined": false
      }
    ],
    "isTemplate": false,
    "count": 0,
    "updated": 0
  },
  {
    "id": "fff9c7af-8964-4970-b1a7-1f2a088ea536",
    "data": [
      {
        "text": "I am lonely",
        "userDefined": false
      }
    ],
    "isTemplate": false,
    "count": 0,
    "updated": 0
  }
]