[
  {
    "id": "6252629e-ea6b-4e28-a4cd-e187eb52f4e8",
    "data": [
      {
        "text": "Better now, thank you ☺",
        "userDefined": false
      }
    ],
    "isTemplate": false,
    "count": 1,
    "updated": 0
  },
  {
    "id": "a4294475-2455-4f6f-a189-44f81e0c4eed",
    "data": [
      {
        "text": "I\u0027m fine thank you, It\u0027s a lovely day, isn\u0027t it :blush::sunny:",
        "userDefined": false
      }
    ],
    "isTemplate": false,
    "count": 0,
    "updated": 0
  },
  {
    "id": "ae91b3fa-883d-418f-9104-74b2804a4720",
    "data": [
      {
        "text": "feeling fine!",
        "userDefined": false
      }
    ],
    "isTemplate": false,
    "count": 0,
    "updated": 0
  },
  {
    "id": "603e849e-973f-42e1-9ac0-c01194c8f7f8",
    "data": [
      {
        "text": "fine thanks",
        "userDefined": false
      }
    ],
    "isTemplate": false,
    "count": 1,
    "updated": 0
  },
  {
    "id": "4d5c7c76-727c-422d-a90d-5313b682597a",
    "data": [
      {
        "text": "Fine thanks. Luckily its ",
        "userDefined": false
      },
      {
        "text": "friday",
        "alias": "date",
        "meta": "@sys.date",
        "userDefined": false
      }
    ],
    "isTemplate": false,
    "count": 0,
    "updated": 0
  },
  {
    "id": "441137d7-37e5-4379-af6b-0f8bd5c94147",
    "data": [
      {
        "text": "I’m all good",
        "userDefined": false
      }
    ],
    "isTemplate": false,
    "count": 0,
    "updated": 0
  },
  {
    "id": "cf9d0291-cbe8-468f-b70b-17f5ce886d0f",
    "data": [
      {
        "text": "I am fine thanks",
        "userDefined": false
      }
    ],
    "isTemplate": false,
    "count": 0,
    "updated": 0
  },
  {
    "id": "108d8d0a-163a-45c1-9359-d0f865063c3a",
    "data": [
      {
        "text": "Just fabulous!",
        "userDefined": false
      }
    ],
    "isTemplate": false,
    "count": 0,
    "updated": 0
  },
  {
    "id": "3e1a9ea7-660e-4e96-aab8-390e88be4130",
    "data": [
      {
        "text": "I said, I\u0027m doing fabulous!",
        "userDefined": false
      }
    ],
    "isTemplate": false,
    "count": 0,
    "updated": 0
  },
  {
    "id": "a17bd7b5-5f32-4bab-a053-4565368831d0",
    "data": [
      {
        "text": "Im good how about you?",
        "userDefined": false
      }
    ],
    "isTemplate": false,
    "count": 0,
    "updated": 0
  },
  {
    "id": "69b42926-56c3-44b3-81ca-3c7637dfaf9b",
    "data": [
      {
        "text": "I\u0027m fine.",
        "userDefined": false
      }
    ],
    "isTemplate": false,
    "count": 1,
    "updated": 0
  },
  {
    "id": "22e38345-cd56-407d-9260-f9b798952dfa",
    "data": [
      {
        "text": "I\u0027m doing well as well",
        "userDefined": false
      }
    ],
    "isTemplate": false,
    "count": 0,
    "updated": 0
  },
  {
    "id": "9febe4be-8a79-4d65-b50a-aadebc8bebd6",
    "data": [
      {
        "text": "I\u0027m fine thank you",
        "userDefined": false
      }
    ],
    "isTemplate": false,
    "count": 0,
    "updated": 0
  },
  {
    "id": "3351326c-6079-4b64-ac01-f713cf3b5063",
    "data": [
      {
        "text": "I\u0027m doing okay",
        "userDefined": false
      }
    ],
    "isTemplate": false,
    "count": 0,
    "updated": 0
  },
  {
    "id": "f14d52bc-60c9-4c03-8346-1f4a6f65a8f6",
    "data": [
      {
        "text": "i\u0027m good",
        "userDefined": false
      }
    ],
    "isTemplate": false,
    "count": 0,
    "updated": 0
  },
  {
    "id": "a00f9ec8-9007-4cdb-9152-512df8df6756",
    "data": [
      {
        "text": "I\u0027m alright",
        "userDefined": false
      }
    ],
    "isTemplate": false,
    "count": 0,
    "updated": 0
  },
  {
    "id": "8f7078f8-b600-45ec-921f-3055197fba4d",
    "data": [
      {
        "text": "I\u0027m fine thanks",
        "userDefined": false
      }
    ],
    "isTemplate": false,
    "count": 1,
    "updated": 0
  }
]