[
  {
    "id": "3561731d-e440-4c11-a33b-ad32b7395778",
    "data": [
      {
        "text": "Who\u0027s there?",
        "userDefined": false
      }
    ],
    "isTemplate": false,
    "count": 1,
    "updated": 0
  },
  {
    "id": "3924906c-d1f5-4605-9118-7734a5bea2f9",
    "data": [
      {
        "text": "who is there",
        "userDefined": false
      }
    ],
    "isTemplate": false,
    "count": 0,
    "updated": 0
  },
  {
    "id": "bc58aa73-0d50-475c-9d3e-0d9cf2e456e1",
    "data": [
      {
        "text": "who is it",
        "userDefined": false
      }
    ],
    "isTemplate": false,
    "count": 0,
    "updated": 0
  },
  {
    "id": "50f7bcb4-40be-49f6-83da-765f649da10e",
    "data": [
      {
        "text": "who is that",
        "userDefined": false
      }
    ],
    "isTemplate": false,
    "count": 0,
    "updated": 0
  },
  {
    "id": "927697d5-768d-4d5d-8e53-b0338424af03",
    "data": [
      {
        "text": "who is dat",
        "userDefined": false
      }
    ],
    "isTemplate": false,
    "count": 0,
    "updated": 0
  },
  {
    "id": "b0b2e518-f6e3-416b-8bd2-6f9a1aecec73",
    "data": [
      {
        "text": "who there",
        "userDefined": false
      }
    ],
    "isTemplate": false,
    "count": 0,
    "updated": 0
  },
  {
    "id": "c651c645-b161-4bdd-a6be-f2063fbc917a",
    "data": [
      {
        "text": "whose there",
        "userDefined": false
      }
    ],
    "isTemplate": false,
    "count": 0,
    "updated": 0
  },
  {
    "id": "f67f7754-ea0a-4887-96d8-2257c9428af9",
    "data": [
      {
        "text": "whos tehre",
        "userDefined": false
      }
    ],
    "isTemplate": false,
    "count": 0,
    "updated": 0
  },
  {
    "id": "d5c08fb5-cea1-455e-b018-f6c1454fb667",
    "data": [
      {
        "text": "who\u0027s dat",
        "userDefined": false
      }
    ],
    "isTemplate": false,
    "count": 0,
    "updated": 0
  },
  {
    "id": "b92c9e32-9baf-453b-a367-86c8f8e51409",
    "data": [
      {
        "text": "who\u0027s there",
        "userDefined": false
      }
    ],
    "isTemplate": false,
    "count": 0,
    "updated": 0
  },
  {
    "id": "93c779c4-e9ad-451c-98fa-476792383efb",
    "data": [
      {
        "text": "who dat",
        "userDefined": false
      }
    ],
    "isTemplate": false,
    "count": 0,
    "updated": 0
  },
  {
    "id": "87a3d1e5-6cab-4347-b75c-5fbc7e1c5bed",
    "data": [
      {
        "text": "Who is there?",
        "userDefined": false
      }
    ],
    "isTemplate": false,
    "count": 1,
    "updated": 0
  },
  {
    "id": "7ba63aa3-c303-4f96-8f86-0636f56700cd",
    "data": [
      {
        "text": "Who there?",
        "userDefined": false
      }
    ],
    "isTemplate": false,
    "count": 1,
    "updated": 0
  }
]