[
  {
    "id": "ce959ba7-8176-4ac2-b75d-d49e2a0681fb",
    "data": [
      {
        "text": "what\u0027s the time",
        "userDefined": false
      }
    ],
    "isTemplate": false,
    "count": 1,
    "updated": 0
  },
  {
    "id": "2b732fcd-7b94-40e0-80c2-15ebfe31963d",
    "data": [
      {
        "text": "Mitä kello on?",
        "userDefined": false
      }
    ],
    "isTemplate": false,
    "count": 0,
    "updated": 0
  },
  {
    "id": "99da66d0-19bf-4ed8-b56e-e8cefb5aa0ce",
    "data": [
      {
        "text": "What time is it?",
        "userDefined": false
      }
    ],
    "isTemplate": false,
    "count": 0,
    "updated": 0
  },
  {
    "id": "498e2389-22bd-4bf4-84b5-9d286c87e82d",
    "data": [
      {
        "text": "can you tell the time",
        "userDefined": false
      }
    ],
    "isTemplate": false,
    "count": 0,
    "updated": 0
  },
  {
    "id": "695e767d-9ff7-4866-afc5-a3649f7f64c3",
    "data": [
      {
        "text": "i want to know what time it",
        "userDefined": false
      }
    ],
    "isTemplate": false,
    "count": 0,
    "updated": 0
  },
  {
    "id": "529cd1a8-f30c-43fc-b9dc-8cd8135a4b4c",
    "data": [
      {
        "text": "could you just tell me the time",
        "userDefined": false
      }
    ],
    "isTemplate": false,
    "count": 1,
    "updated": 0
  },
  {
    "id": "140f08e6-d6cb-48b0-9866-25fe87c52c23",
    "data": [
      {
        "text": "what time is it",
        "userDefined": false
      }
    ],
    "isTemplate": false,
    "count": 1,
    "updated": 0
  },
  {
    "id": "4b92486c-87d2-44e2-aa61-27e9d6d72f2d",
    "data": [
      {
        "text": "tell me the time please",
        "userDefined": false
      }
    ],
    "isTemplate": false,
    "count": 1,
    "updated": 0
  },
  {
    "id": "7a4369bf-8cc5-4182-b70f-5e5410ab1f81",
    "data": [
      {
        "text": "can you tell me the time",
        "userDefined": false
      }
    ],
    "isTemplate": false,
    "count": 1,
    "updated": 0
  },
  {
    "id": "b7b9439c-2a8a-4be5-b73c-d83463aeb7d9",
    "data": [
      {
        "text": "what time is ti",
        "userDefined": false
      }
    ],
    "isTemplate": false,
    "count": 1,
    "updated": 0
  },
  {
    "id": "6dfa73d6-0f4a-4c93-b8a1-ca3e0a6b5012",
    "data": [
      {
        "text": "what time it is",
        "userDefined": false
      }
    ],
    "isTemplate": false,
    "count": 0,
    "updated": 0
  },
  {
    "id": "58681762-f31c-4d9c-8329-400d6eae13a0",
    "data": [
      {
        "text": "i don\u0027t know what time it is",
        "userDefined": false
      }
    ],
    "isTemplate": false,
    "count": 0,
    "updated": 0
  },
  {
    "id": "fd580a15-8e4d-4bf1-94f5-b512872458a1",
    "data": [
      {
        "text": "tell me what time it is",
        "userDefined": false
      }
    ],
    "isTemplate": false,
    "count": 0,
    "updated": 0
  },
  {
    "id": "434b09b0-651a-4b6c-8218-12134fd9763b",
    "data": [
      {
        "text": "tell the time",
        "userDefined": false
      }
    ],
    "isTemplate": false,
    "count": 0,
    "updated": 0
  },
  {
    "id": "04d11815-ec75-441c-b10d-5de43133feec",
    "data": [
      {
        "text": "what time is it now",
        "userDefined": false
      }
    ],
    "isTemplate": false,
    "count": 0,
    "updated": 0
  },
  {
    "id": "381665ba-7ef7-41c6-bf10-ea15e5c3974d",
    "data": [
      {
        "text": "what\u0027s the time ",
        "userDefined": false
      },
      {
        "text": "granny",
        "alias": "goforebot",
        "meta": "@goforebot",
        "userDefined": false
      }
    ],
    "isTemplate": false,
    "count": 0,
    "updated": 0
  },
  {
    "id": "40b81f23-4d94-4d9b-9c53-6edc4f1681c2",
    "data": [
      {
        "text": "is it ",
        "userDefined": false
      },
      {
        "text": "12",
        "alias": "number",
        "meta": "@sys.number",
        "userDefined": false
      },
      {
        "text": " already",
        "userDefined": false
      }
    ],
    "isTemplate": false,
    "count": 0,
    "updated": 0
  },
  {
    "id": "3eaebae1-0dd4-4d54-8b57-6b1c02db973c",
    "data": [
      {
        "text": "what time is right now",
        "userDefined": false
      }
    ],
    "isTemplate": false,
    "count": 1,
    "updated": 0
  },
  {
    "id": "fec63719-f2b3-4607-a556-77a6664ff8eb",
    "data": [
      {
        "text": "have you got the time",
        "userDefined": false
      }
    ],
    "isTemplate": false,
    "count": 0,
    "updated": 0
  },
  {
    "id": "d2e926fd-b956-42e5-9458-c1298f045e0c",
    "data": [
      {
        "text": "what time have we got",
        "userDefined": false
      }
    ],
    "isTemplate": false,
    "count": 1,
    "updated": 0
  },
  {
    "id": "2ea916fa-a135-4661-815a-314c3816c076",
    "data": [
      {
        "text": "tell me the time",
        "userDefined": false
      }
    ],
    "isTemplate": false,
    "count": 0,
    "updated": 0
  },
  {
    "id": "733648d0-d0f0-449e-9130-a0600aaeb17f",
    "data": [
      {
        "text": "can you tell me what time it is",
        "userDefined": false
      }
    ],
    "isTemplate": false,
    "count": 0,
    "updated": 0
  },
  {
    "id": "b0cf22fb-6a90-43b7-86f8-7212f1b7baa3",
    "data": [
      {
        "text": "excuse me can i get the time",
        "userDefined": false
      }
    ],
    "isTemplate": false,
    "count": 0,
    "updated": 0
  },
  {
    "id": "a194fa63-c6cc-4d2a-b5e5-c3c12eb8ee71",
    "data": [
      {
        "text": "excuse me, could i get the time",
        "userDefined": false
      }
    ],
    "isTemplate": false,
    "count": 0,
    "updated": 0
  },
  {
    "id": "85e2d871-6df3-4a35-87d2-f181c13536e6",
    "data": [
      {
        "text": "have you got the time on you",
        "userDefined": false
      }
    ],
    "isTemplate": false,
    "count": 0,
    "updated": 0
  },
  {
    "id": "c4539cad-2068-46ae-882e-536eb0fd4927",
    "data": [
      {
        "text": "you got the time",
        "userDefined": false
      }
    ],
    "isTemplate": false,
    "count": 0,
    "updated": 0
  }
]