[
  {
    "id": "38ac55cd-6173-4e68-92b2-e974ed28fd72",
    "data": [
      {
        "text": "I feel frustrated for the future",
        "userDefined": false
      }
    ],
    "isTemplate": false,
    "count": 0,
    "updated": 0
  },
  {
    "id": "b020bafd-8f08-4fe0-8fdc-c03a46806d51",
    "data": [
      {
        "text": "I\u0027m angry",
        "userDefined": false
      }
    ],
    "isTemplate": false,
    "count": 0,
    "updated": 0
  },
  {
    "id": "79a54d4a-21eb-4563-92a0-f0f4a4adee03",
    "data": [
      {
        "text": "i\u0027m absolutely furious",
        "userDefined": false
      }
    ],
    "isTemplate": false,
    "count": 0,
    "updated": 0
  },
  {
    "id": "6b83b28f-a9df-4564-8556-2c89745dbea8",
    "data": [
      {
        "text": "i\u0027m furious!",
        "userDefined": false
      }
    ],
    "isTemplate": false,
    "count": 0,
    "updated": 0
  },
  {
    "id": "7e6752b5-cdb2-481f-8aa9-a5e877201b98",
    "data": [
      {
        "text": "i am mad",
        "userDefined": false
      }
    ],
    "isTemplate": false,
    "count": 0,
    "updated": 0
  },
  {
    "id": "77760833-c6a5-475a-89a9-f40c9a2df0d7",
    "data": [
      {
        "text": "i feel enraged",
        "userDefined": false
      }
    ],
    "isTemplate": false,
    "count": 0,
    "updated": 0
  },
  {
    "id": "91fe0edd-ed80-4d9e-b9be-2ca54d0b47e5",
    "data": [
      {
        "text": "i feel furious",
        "userDefined": false
      }
    ],
    "isTemplate": false,
    "count": 0,
    "updated": 0
  },
  {
    "id": "40736e05-7281-4013-9226-eceff0d9fe1f",
    "data": [
      {
        "text": "i feel angry",
        "userDefined": false
      }
    ],
    "isTemplate": false,
    "count": 0,
    "updated": 0
  },
  {
    "id": "7aae718e-4ecd-41b8-9875-d8d91c730c7e",
    "data": [
      {
        "text": "i\u0027m furious",
        "userDefined": false
      }
    ],
    "isTemplate": false,
    "count": 0,
    "updated": 0
  },
  {
    "id": "495ee512-618f-4024-966c-b7fb3848b3cf",
    "data": [
      {
        "text": "i\u0027m enraged",
        "userDefined": false
      }
    ],
    "isTemplate": false,
    "count": 0,
    "updated": 0
  },
  {
    "id": "678d5075-590e-4778-8d8d-5916b2195100",
    "data": [
      {
        "text": "i\u0027m angry",
        "userDefined": false
      }
    ],
    "isTemplate": false,
    "count": 0,
    "updated": 0
  }
]