[
  {
    "id": "d14247e2-d9ef-43ac-9d91-b23520e0bd2d",
    "data": [
      {
        "text": "we good",
        "userDefined": false
      }
    ],
    "isTemplate": false,
    "count": 0,
    "updated": 0
  },
  {
    "id": "d6f683d2-59ae-47c0-acfc-eabdc9921628",
    "data": [
      {
        "text": "no worry",
        "userDefined": false
      }
    ],
    "isTemplate": false,
    "count": 0,
    "updated": 0
  },
  {
    "id": "1a49f2ab-932c-45a0-9ac1-1fe0035844d8",
    "data": [
      {
        "text": "no probs",
        "userDefined": false
      }
    ],
    "isTemplate": false,
    "count": 0,
    "updated": 0
  },
  {
    "id": "f5591f17-74d2-44b2-9559-8bac0311e934",
    "data": [
      {
        "text": "sure no problem",
        "userDefined": false
      }
    ],
    "isTemplate": false,
    "count": 0,
    "updated": 0
  },
  {
    "id": "2a0f4ac4-d684-49af-9b8b-332ab6ef9f14",
    "data": [
      {
        "text": "don\u0027t worry",
        "userDefined": false
      }
    ],
    "isTemplate": false,
    "count": 0,
    "updated": 0
  },
  {
    "id": "1286cdde-adad-4a65-a647-63a32b0b7f0c",
    "data": [
      {
        "text": "there\u0027s no problem",
        "userDefined": false
      }
    ],
    "isTemplate": false,
    "count": 0,
    "updated": 0
  },
  {
    "id": "727ed160-a408-4928-89d0-de88a8229141",
    "data": [
      {
        "text": "no problem about that",
        "userDefined": false
      }
    ],
    "isTemplate": false,
    "count": 0,
    "updated": 0
  },
  {
    "id": "05a02502-ce33-4911-b72b-f392f21b82bc",
    "data": [
      {
        "text": "no problem",
        "userDefined": false
      }
    ],
    "isTemplate": false,
    "count": 0,
    "updated": 0
  },
  {
    "id": "6873cbd7-7804-4228-8b28-d49d6e326ee5",
    "data": [
      {
        "text": "don\u0027t worry there\u0027s no problem",
        "userDefined": false
      }
    ],
    "isTemplate": false,
    "count": 0,
    "updated": 0
  },
  {
    "id": "93462b4b-bfe2-4510-99cf-cfbd11a829a1",
    "data": [
      {
        "text": "no worries",
        "userDefined": false
      }
    ],
    "isTemplate": false,
    "count": 0,
    "updated": 0
  }
]