[
  {
    "id": "a1e6d7f4-12f2-43e1-9126-772fc16946fc",
    "data": [
      {
        "text": "wow",
        "userDefined": false
      }
    ],
    "isTemplate": false,
    "count": 1,
    "updated": 0
  },
  {
    "id": "d34e9a4a-cf0d-4829-9319-2a763ddab39f",
    "data": [
      {
        "text": "oh whoah",
        "userDefined": false
      }
    ],
    "isTemplate": false,
    "count": 0,
    "updated": 0
  },
  {
    "id": "ebd3629c-89f2-4982-a91c-29f6c5e6a976",
    "data": [
      {
        "text": "oh wow",
        "userDefined": false
      }
    ],
    "isTemplate": false,
    "count": 0,
    "updated": 0
  },
  {
    "id": "78d4b4e5-73a4-4c71-bfe4-177695470caf",
    "data": [
      {
        "text": "whoah",
        "userDefined": false
      }
    ],
    "isTemplate": false,
    "count": 0,
    "updated": 0
  },
  {
    "id": "20be1c01-b11c-4dd3-8004-ef4fb4fe9ca4",
    "data": [
      {
        "text": "vautsi",
        "userDefined": false
      }
    ],
    "isTemplate": false,
    "count": 0,
    "updated": 0
  },
  {
    "id": "c602d038-6e6b-48a3-91ad-bf3145b11113",
    "data": [
      {
        "text": "vau",
        "userDefined": false
      }
    ],
    "isTemplate": false,
    "count": 0,
    "updated": 0
  },
  {
    "id": "145728bc-40d8-4d7c-9f3f-7b0fd3a0d74d",
    "data": [
      {
        "text": "whoaaah",
        "userDefined": false
      }
    ],
    "isTemplate": false,
    "count": 0,
    "updated": 0
  },
  {
    "id": "a6c3a838-931c-4871-b025-4a9aac0bc639",
    "data": [
      {
        "text": "wow wow wow",
        "userDefined": false
      }
    ],
    "isTemplate": false,
    "count": 1,
    "updated": 0
  },
  {
    "id": "2e31fa84-9c96-4690-9ac6-a63fdacce268",
    "data": [
      {
        "text": "woah",
        "userDefined": false
      }
    ],
    "isTemplate": false,
    "count": 0,
    "updated": 0
  },
  {
    "id": "97b3b76b-af9f-4e95-af85-2166069602c5",
    "data": [
      {
        "text": "woooow",
        "userDefined": false
      }
    ],
    "isTemplate": false,
    "count": 0,
    "updated": 0
  },
  {
    "id": "1424c954-22e8-4489-b641-00ab165d0600",
    "data": [
      {
        "text": "wooooow",
        "userDefined": false
      }
    ],
    "isTemplate": false,
    "count": 0,
    "updated": 0
  },
  {
    "id": "3d710b32-35e8-4916-9c85-40bc9c686f9f",
    "data": [
      {
        "text": "wooow",
        "userDefined": false
      }
    ],
    "isTemplate": false,
    "count": 0,
    "updated": 0
  },
  {
    "id": "0d58c176-a988-415f-b20b-57b3805aa70a",
    "data": [
      {
        "text": "wow wow",
        "userDefined": false
      }
    ],
    "isTemplate": false,
    "count": 0,
    "updated": 0
  }
]