[
  {
    "id": "cce506b1-f6e9-4ff0-a29d-663bf616149d",
    "data": [
      {
        "text": "We are going to sleep",
        "userDefined": false
      }
    ],
    "isTemplate": false,
    "count": 0,
    "updated": 0
  },
  {
    "id": "ad9ab339-a534-4d1f-b225-6e21923433ae",
    "data": [
      {
        "text": "Good night",
        "userDefined": false
      }
    ],
    "isTemplate": false,
    "count": 0,
    "updated": 0
  },
  {
    "id": "7326af03-97d9-499c-8f90-5ca3be7f56bd",
    "data": [
      {
        "text": "good night",
        "userDefined": false
      }
    ],
    "isTemplate": false,
    "count": 1,
    "updated": 0
  },
  {
    "id": "739e2b9a-3b39-4887-817a-524cafd9872b",
    "data": [
      {
        "text": "buenas noches",
        "userDefined": false
      }
    ],
    "isTemplate": false,
    "count": 1,
    "updated": 0
  },
  {
    "id": "0062f5d4-3d04-4c06-bfcd-44588cb3d4e9",
    "data": [
      {
        "text": "guten nacht!",
        "userDefined": false
      }
    ],
    "isTemplate": false,
    "count": 1,
    "updated": 0
  },
  {
    "id": "dbf05be7-6b9d-40e4-8c55-bcd7469dc7b7",
    "data": [
      {
        "text": "hyvää yötä",
        "userDefined": false
      }
    ],
    "isTemplate": false,
    "count": 1,
    "updated": 0
  },
  {
    "id": "b6ddf2a0-64c7-43dd-ac96-d162ff1ea6e7",
    "data": [
      {
        "text": "guten nacht",
        "userDefined": false
      }
    ],
    "isTemplate": false,
    "count": 0,
    "updated": 0
  },
  {
    "id": "22fb879f-a7e5-4728-a483-8a253c02c3fe",
    "data": [
      {
        "text": "salam",
        "userDefined": false
      }
    ],
    "isTemplate": false,
    "count": 1,
    "updated": 0
  },
  {
    "id": "7410511d-434c-41e2-84df-5e44f2ea3085",
    "data": [
      {
        "text": "gutt natt",
        "userDefined": false
      }
    ],
    "isTemplate": false,
    "count": 0,
    "updated": 0
  },
  {
    "id": "e00d240e-a0e7-484c-ada1-6c9f1f5d5dee",
    "data": [
      {
        "text": "wanan",
        "userDefined": false
      }
    ],
    "isTemplate": false,
    "count": 0,
    "updated": 0
  },
  {
    "id": "c8f04a6d-29f9-49fd-a77f-ab260a3fdc2e",
    "data": [
      {
        "text": "buona notte",
        "userDefined": false
      }
    ],
    "isTemplate": false,
    "count": 0,
    "updated": 0
  },
  {
    "id": "82016ecf-d0ab-4c89-b6a8-75da47156947",
    "data": [
      {
        "text": "bonne nuit",
        "userDefined": false
      }
    ],
    "isTemplate": false,
    "count": 0,
    "updated": 0
  },
  {
    "id": "ba855ccb-5aa3-454b-a597-d09644fc3477",
    "data": [
      {
        "text": "godnat",
        "userDefined": false
      }
    ],
    "isTemplate": false,
    "count": 0,
    "updated": 0
  },
  {
    "id": "01fd7cd3-3629-471d-8d7c-60b5fbaa95ff",
    "data": [
      {
        "text": "god natt",
        "userDefined": false
      }
    ],
    "isTemplate": false,
    "count": 0,
    "updated": 0
  },
  {
    "id": "b5bfb490-6c4b-4cbd-a4b2-05dca5a51767",
    "data": [
      {
        "text": "godnatt",
        "userDefined": false
      }
    ],
    "isTemplate": false,
    "count": 0,
    "updated": 0
  },
  {
    "id": "02ef1343-dc09-4412-9c7e-987c9a09a8bb",
    "data": [
      {
        "text": "nos da",
        "userDefined": false
      }
    ],
    "isTemplate": false,
    "count": 0,
    "updated": 0
  },
  {
    "id": "ef79d049-8806-4460-ab33-fcffddf4b097",
    "data": [
      {
        "text": "hyviä öitä",
        "userDefined": false
      }
    ],
    "isTemplate": false,
    "count": 0,
    "updated": 0
  },
  {
    "id": "97ba1ee3-9ad1-4b62-ab9e-c5c3bbf97293",
    "data": [
      {
        "text": "dobrou noc",
        "userDefined": false
      }
    ],
    "isTemplate": false,
    "count": 0,
    "updated": 0
  },
  {
    "id": "99bf27e8-55b8-4720-9eff-6131e2697dc9",
    "data": [
      {
        "text": "laku noc",
        "userDefined": false
      }
    ],
    "isTemplate": false,
    "count": 0,
    "updated": 0
  },
  {
    "id": "bf6511d9-1700-4dfa-814c-7201bc4e7528",
    "data": [
      {
        "text": "naten e mire",
        "userDefined": false
      }
    ],
    "isTemplate": false,
    "count": 0,
    "updated": 0
  },
  {
    "id": "ab1e50d1-ebf6-49c4-94e4-6c34aa7b44a1",
    "data": [
      {
        "text": "buonanotte",
        "userDefined": false
      }
    ],
    "isTemplate": false,
    "count": 0,
    "updated": 0
  },
  {
    "id": "ed1c5f47-814c-46f4-bc02-e35161822a5e",
    "data": [
      {
        "text": "nuku hyvin",
        "userDefined": false
      }
    ],
    "isTemplate": false,
    "count": 0,
    "updated": 0
  },
  {
    "id": "ec758c94-6b01-41f4-8818-e7d44937ac1b",
    "data": [
      {
        "text": "kauniita unia",
        "userDefined": false
      }
    ],
    "isTemplate": false,
    "count": 0,
    "updated": 0
  },
  {
    "id": "c9beba33-b198-4262-864b-8f1cc6267e07",
    "data": [
      {
        "text": "öitä",
        "userDefined": false
      }
    ],
    "isTemplate": false,
    "count": 2,
    "updated": 0
  },
  {
    "id": "6869e07a-c596-42e5-9ece-6bee6ada22df",
    "data": [
      {
        "text": "boa noite",
        "userDefined": false
      }
    ],
    "isTemplate": false,
    "count": 1,
    "updated": 0
  },
  {
    "id": "da9990f8-6cd2-4c7b-9936-1bf9f5ed5fc7",
    "data": [
      {
        "text": "goooood night",
        "userDefined": false
      }
    ],
    "isTemplate": false,
    "count": 0,
    "updated": 0
  },
  {
    "id": "d5f41421-e83b-4b4c-a95e-d1deaa62fcbd",
    "data": [
      {
        "text": "i\u0027m heading to bed bye",
        "userDefined": false
      }
    ],
    "isTemplate": false,
    "count": 0,
    "updated": 0
  },
  {
    "id": "c891b4ff-a3b4-4efa-813c-091169399a69",
    "data": [
      {
        "text": "i\u0027m gonna go to sleep",
        "userDefined": false
      }
    ],
    "isTemplate": false,
    "count": 0,
    "updated": 0
  },
  {
    "id": "5a80eee7-e5a7-488c-899d-77be63fb9f85",
    "data": [
      {
        "text": "i am going to bed",
        "userDefined": false
      }
    ],
    "isTemplate": false,
    "count": 0,
    "updated": 0
  },
  {
    "id": "8eb4eeff-1472-49b9-921e-39b65884560a",
    "data": [
      {
        "text": "good night bye",
        "userDefined": false
      }
    ],
    "isTemplate": false,
    "count": 0,
    "updated": 0
  },
  {
    "id": "2d19c09b-b76f-40a5-8e53-a0d9513b8d07",
    "data": [
      {
        "text": "aright goodnight",
        "userDefined": false
      }
    ],
    "isTemplate": false,
    "count": 0,
    "updated": 0
  },
  {
    "id": "c8b4882b-7412-4602-ae7d-9803f7789d8c",
    "data": [
      {
        "text": "have a good night",
        "userDefined": false
      }
    ],
    "isTemplate": false,
    "count": 0,
    "updated": 0
  },
  {
    "id": "f866433b-9a2c-4e3e-b626-4bd959ba5ad3",
    "data": [
      {
        "text": "good night see you tomorrow",
        "userDefined": false
      }
    ],
    "isTemplate": false,
    "count": 0,
    "updated": 0
  },
  {
    "id": "d282da97-96d8-4423-ba08-0e1ef0502bd1",
    "data": [
      {
        "text": "sweet dreams",
        "userDefined": false
      }
    ],
    "isTemplate": false,
    "count": 0,
    "updated": 0
  },
  {
    "id": "0cdbf09a-1d54-495a-8d07-f15908827563",
    "data": [
      {
        "text": "bye goodnight",
        "userDefined": false
      }
    ],
    "isTemplate": false,
    "count": 0,
    "updated": 0
  },
  {
    "id": "bb90abca-3255-4950-9352-d622b543c98f",
    "data": [
      {
        "text": "good ",
        "userDefined": false
      },
      {
        "text": "tonight",
        "alias": "date",
        "meta": "@sys.date",
        "userDefined": false
      }
    ],
    "isTemplate": false,
    "count": 0,
    "updated": 0
  },
  {
    "id": "1b8da314-3308-45da-9673-0bff8515e994",
    "data": [
      {
        "text": "good night for now",
        "userDefined": false
      }
    ],
    "isTemplate": false,
    "count": 0,
    "updated": 0
  },
  {
    "id": "2045bbda-4b70-4948-b911-42576678462a",
    "data": [
      {
        "text": "okay have a good night",
        "userDefined": false
      }
    ],
    "isTemplate": false,
    "count": 0,
    "updated": 0
  },
  {
    "id": "c032f69c-1861-41e0-9a41-a387f71b9eb9",
    "data": [
      {
        "text": "nighty night",
        "userDefined": false
      }
    ],
    "isTemplate": false,
    "count": 0,
    "updated": 0
  },
  {
    "id": "ac83791d-2780-447a-9f96-64222c19b078",
    "data": [
      {
        "text": "night",
        "userDefined": false
      }
    ],
    "isTemplate": false,
    "count": 0,
    "updated": 0
  },
  {
    "id": "8f7854a8-ba5e-4778-9e90-3fd5f7bd9bee",
    "data": [
      {
        "text": "goodnight",
        "userDefined": false
      }
    ],
    "isTemplate": false,
    "count": 0,
    "updated": 0
  },
  {
    "id": "f534e2b2-b4d8-4565-92f6-693f686b3f8c",
    "data": [
      {
        "text": "good night to you",
        "userDefined": false
      }
    ],
    "isTemplate": false,
    "count": 0,
    "updated": 0
  },
  {
    "id": "bb2e7b6b-e27e-4cfc-babb-367ce50eee14",
    "data": [
      {
        "text": "thank you good night",
        "userDefined": false
      }
    ],
    "isTemplate": false,
    "count": 1,
    "updated": 0
  },
  {
    "id": "b77e6a93-9154-4676-96a8-d8a00842b4da",
    "data": [
      {
        "text": "tanks goodnight",
        "userDefined": false
      }
    ],
    "isTemplate": false,
    "count": 0,
    "updated": 0
  },
  {
    "id": "8b3299d5-488a-4a10-84c6-38a4ffd7a9d7",
    "data": [
      {
        "text": "good good night",
        "userDefined": false
      }
    ],
    "isTemplate": false,
    "count": 0,
    "updated": 0
  },
  {
    "id": "a9585964-fdcc-4e70-92c4-e21ba33a6030",
    "data": [
      {
        "text": "have a good sleep",
        "userDefined": false
      }
    ],
    "isTemplate": false,
    "count": 0,
    "updated": 0
  },
  {
    "id": "d0415346-0b82-41a4-9683-1241babc5a9e",
    "data": [
      {
        "text": "buenos noches",
        "userDefined": false
      }
    ],
    "isTemplate": false,
    "count": 1,
    "updated": 0
  },
  {
    "id": "49792567-99dc-45d8-a733-8d517846660a",
    "data": [
      {
        "text": "sleep well",
        "userDefined": false
      }
    ],
    "isTemplate": false,
    "count": 0,
    "updated": 0
  },
  {
    "id": "0c97f44c-b996-4b65-8088-f862856bf44c",
    "data": [
      {
        "text": "sleep tight",
        "userDefined": false
      }
    ],
    "isTemplate": false,
    "count": 0,
    "updated": 0
  },
  {
    "id": "890fbaad-66d9-474e-89d7-546d78746f35",
    "data": [
      {
        "text": "good night sleep tight",
        "userDefined": false
      }
    ],
    "isTemplate": false,
    "count": 1,
    "updated": 0
  }
]