[
  {
    "id": "b21c1c40-bb59-4268-95d0-353b9e4c7b49",
    "data": [
      {
        "text": "can you give advice",
        "userDefined": false
      }
    ],
    "isTemplate": false,
    "count": 0,
    "updated": 0
  },
  {
    "id": "aecf6440-5096-49e6-b60b-53fa539a4b19",
    "data": [
      {
        "text": "do you have any advice",
        "userDefined": false
      }
    ],
    "isTemplate": false,
    "count": 0,
    "updated": 0
  },
  {
    "id": "afe3ebee-5d98-4f47-bf19-c9fd2ec3d28e",
    "data": [
      {
        "text": "do you have any advice for me",
        "userDefined": false
      }
    ],
    "isTemplate": false,
    "count": 0,
    "updated": 0
  },
  {
    "id": "a1b40744-5237-4eb2-b4e7-21ebcc542d5c",
    "data": [
      {
        "text": "give me good advice",
        "userDefined": false
      }
    ],
    "isTemplate": false,
    "count": 0,
    "updated": 0
  },
  {
    "id": "f2e014fa-f477-4b8b-a2be-1a30a5d9450e",
    "data": [
      {
        "text": "give me advice",
        "userDefined": false
      }
    ],
    "isTemplate": false,
    "count": 1,
    "updated": 0
  },
  {
    "id": "ae111971-b4e0-46ce-adc0-fc7298fe4d62",
    "data": [
      {
        "text": "give me wise advice",
        "userDefined": false
      }
    ],
    "isTemplate": false,
    "count": 0,
    "updated": 0
  },
  {
    "id": "0e598dfa-1a59-479c-b2f5-f3822043f0e8",
    "data": [
      {
        "text": "i could use guidance",
        "userDefined": false
      }
    ],
    "isTemplate": false,
    "count": 0,
    "updated": 0
  },
  {
    "id": "8d986348-7505-4f40-9609-ba40443532db",
    "data": [
      {
        "text": "i could use some guidance",
        "userDefined": false
      }
    ],
    "isTemplate": false,
    "count": 0,
    "updated": 0
  },
  {
    "id": "d675b560-9072-48ad-b6de-b2880537d9be",
    "data": [
      {
        "text": "i could use advice",
        "userDefined": false
      }
    ],
    "isTemplate": false,
    "count": 0,
    "updated": 0
  },
  {
    "id": "4a0fffd6-f684-40a5-826a-68b85b63286c",
    "data": [
      {
        "text": "i need guidance",
        "userDefined": false
      }
    ],
    "isTemplate": false,
    "count": 1,
    "updated": 0
  },
  {
    "id": "3e389d6f-0160-475e-b986-a768ea2005b4",
    "data": [
      {
        "text": "I need advice",
        "userDefined": false
      }
    ],
    "isTemplate": false,
    "count": 1,
    "updated": 0
  },
  {
    "id": "abeb947b-1a06-4f73-b650-8115e5adf17a",
    "data": [
      {
        "text": "what is your advice",
        "userDefined": false
      }
    ],
    "isTemplate": false,
    "count": 0,
    "updated": 0
  },
  {
    "id": "2bce7456-c2e1-4b31-ac33-4fcc5f21d8d2",
    "data": [
      {
        "text": "what should i do about it",
        "userDefined": false
      }
    ],
    "isTemplate": false,
    "count": 0,
    "updated": 0
  },
  {
    "id": "56feb42e-7748-4f76-907d-a9d1175fee84",
    "data": [
      {
        "text": "can i ask for your advice",
        "userDefined": false
      }
    ],
    "isTemplate": false,
    "count": 0,
    "updated": 0
  },
  {
    "id": "6b565e1a-f9e1-4d72-bd31-ff5c17c78c4f",
    "data": [
      {
        "text": "i seek your advice",
        "userDefined": false
      }
    ],
    "isTemplate": false,
    "count": 0,
    "updated": 0
  },
  {
    "id": "a514709f-d35d-4c84-a30c-6e3b23f5ab3a",
    "data": [
      {
        "text": "i could use some advice",
        "userDefined": false
      }
    ],
    "isTemplate": false,
    "count": 0,
    "updated": 0
  },
  {
    "id": "a768c2b5-a0c7-4634-8279-8a6ec04b1038",
    "data": [
      {
        "text": "please advise me",
        "userDefined": false
      }
    ],
    "isTemplate": false,
    "count": 0,
    "updated": 0
  },
  {
    "id": "c2dcebb1-534f-42d6-8cf4-e585fb86e6b3",
    "data": [
      {
        "text": "advise me",
        "userDefined": false
      }
    ],
    "isTemplate": false,
    "count": 0,
    "updated": 0
  },
  {
    "id": "942133d0-a090-453c-a123-147da190098f",
    "data": [
      {
        "text": "can you advise me",
        "userDefined": false
      }
    ],
    "isTemplate": false,
    "count": 0,
    "updated": 0
  },
  {
    "id": "e83ed147-d269-4eb8-842b-52a05e7d43ae",
    "data": [
      {
        "text": "what do you suggest",
        "userDefined": false
      }
    ],
    "isTemplate": false,
    "count": 0,
    "updated": 0
  },
  {
    "id": "58b3eb60-1f66-48d5-901d-6db459199c84",
    "data": [
      {
        "text": "what do you recommend",
        "userDefined": false
      }
    ],
    "isTemplate": false,
    "count": 0,
    "updated": 0
  },
  {
    "id": "876f8084-83fd-4cba-a5b3-5f87b4a2dfb1",
    "data": [
      {
        "text": "can you offer any advice",
        "userDefined": false
      }
    ],
    "isTemplate": false,
    "count": 2,
    "updated": 0
  },
  {
    "id": "4a8c155c-e7cf-4694-91e8-ebfc26614167",
    "data": [
      {
        "text": "what can you recommend",
        "userDefined": false
      }
    ],
    "isTemplate": false,
    "count": 0,
    "updated": 0
  },
  {
    "id": "27139686-52ff-4ab3-8801-d3fd97bca111",
    "data": [
      {
        "text": "what would you recommend",
        "userDefined": false
      }
    ],
    "isTemplate": false,
    "count": 0,
    "updated": 0
  },
  {
    "id": "eeaf4686-8498-4165-a6af-e61e96130a01",
    "data": [
      {
        "text": "give good advice",
        "userDefined": false
      }
    ],
    "isTemplate": false,
    "count": 0,
    "updated": 0
  },
  {
    "id": "70ef799b-42b8-4834-b37a-26b68cff1a18",
    "data": [
      {
        "text": "give me some good advice",
        "userDefined": false
      }
    ],
    "isTemplate": false,
    "count": 0,
    "updated": 0
  },
  {
    "id": "0adc11d3-8a15-4f7d-9a8d-6cfa33034403",
    "data": [
      {
        "text": "any advice",
        "userDefined": false
      }
    ],
    "isTemplate": false,
    "count": 0,
    "updated": 0
  },
  {
    "id": "cd74578c-8218-4f69-9035-c4e2533d88c2",
    "data": [
      {
        "text": "any suggestions",
        "userDefined": false
      }
    ],
    "isTemplate": false,
    "count": 1,
    "updated": 0
  },
  {
    "id": "f064f2e6-0393-4735-874e-cc9377248bc5",
    "data": [
      {
        "text": "give me guidance",
        "userDefined": false
      }
    ],
    "isTemplate": false,
    "count": 1,
    "updated": 0
  },
  {
    "id": "810a8c94-069f-4ca5-8704-3c5c8f58d151",
    "data": [
      {
        "text": "help me with advice",
        "userDefined": false
      }
    ],
    "isTemplate": false,
    "count": 0,
    "updated": 0
  },
  {
    "id": "68203411-c2d3-4f71-a0da-4491d287d833",
    "data": [
      {
        "text": "guide me",
        "userDefined": false
      }
    ],
    "isTemplate": false,
    "count": 0,
    "updated": 0
  },
  {
    "id": "989aff16-b080-4f34-aab2-ecdf1aa62340",
    "data": [
      {
        "text": "what should i do",
        "userDefined": false
      }
    ],
    "isTemplate": false,
    "count": 0,
    "updated": 0
  }
]