[
  {
    "id": "86d5a156-e38a-47d2-9338-496a73a9cb03",
    "data": [
      {
        "text": "are you real",
        "userDefined": false
      }
    ],
    "isTemplate": false,
    "count": 0,
    "updated": 0
  },
  {
    "id": "f6eaf51b-3eb9-4a2c-a55f-27f2d6c5a015",
    "data": [
      {
        "text": "are we real?",
        "userDefined": false
      }
    ],
    "isTemplate": false,
    "count": 1,
    "updated": 0
  },
  {
    "id": "c125e0b0-f8ad-4a3b-86f5-b74003b93cae",
    "data": [
      {
        "text": "is my life real?",
        "userDefined": false
      }
    ],
    "isTemplate": false,
    "count": 0,
    "updated": 0
  },
  {
    "id": "21482656-3028-4911-b126-f0c78864b825",
    "data": [
      {
        "text": "am i real?",
        "userDefined": false
      }
    ],
    "isTemplate": false,
    "count": 0,
    "updated": 0
  },
  {
    "id": "f593fdd8-bdd5-4a2f-a996-fa2459b9ee3c",
    "data": [
      {
        "text": "is anything real",
        "userDefined": false
      }
    ],
    "isTemplate": false,
    "count": 1,
    "updated": 0
  },
  {
    "id": "59c6df5f-4760-4cf7-8a74-dc53d159d159",
    "data": [
      {
        "text": "what is real",
        "userDefined": false
      }
    ],
    "isTemplate": false,
    "count": 0,
    "updated": 0
  },
  {
    "id": "62cc61a1-a272-42af-bc18-188fe94eb2d9",
    "data": [
      {
        "text": "am i real",
        "userDefined": false
      }
    ],
    "isTemplate": false,
    "count": 0,
    "updated": 0
  },
  {
    "id": "2df9116b-4059-4625-b667-01099e38d2a9",
    "data": [
      {
        "text": "Is this real life?",
        "userDefined": false
      }
    ],
    "isTemplate": false,
    "count": 1,
    "updated": 0
  },
  {
    "id": "37e31230-3ac4-46a0-a1b1-d5386dc810ad",
    "data": [
      {
        "text": "is this the real life",
        "userDefined": false
      }
    ],
    "isTemplate": false,
    "count": 1,
    "updated": 0
  },
  {
    "id": "9a088d4b-fefa-43e3-90cf-37bf4847ce10",
    "data": [
      {
        "text": "Is this real?",
        "userDefined": false
      }
    ],
    "isTemplate": false,
    "count": 1,
    "updated": 0
  },
  {
    "id": "fb77dacd-0072-4a9b-a4d9-4efafe6f83bd",
    "data": [
      {
        "text": "What is real life?",
        "userDefined": false
      }
    ],
    "isTemplate": false,
    "count": 0,
    "updated": 0
  }
]