[
  {
    "id": "9d08a8f7-2509-4101-bae1-6189324f8be3",
    "data": [
      {
        "text": "nice to meet you",
        "userDefined": false
      }
    ],
    "isTemplate": false,
    "count": 1,
    "updated": 0
  },
  {
    "id": "eb4ee4fb-3936-4689-8656-c6e5ccfec98c",
    "data": [
      {
        "text": "it\u0027s been pleasure to meet you",
        "userDefined": false
      }
    ],
    "isTemplate": false,
    "count": 0,
    "updated": 0
  },
  {
    "id": "cff9ac61-8ebc-4b31-a615-e2036f429701",
    "data": [
      {
        "text": "it was a pleasure to meet you",
        "userDefined": false
      }
    ],
    "isTemplate": false,
    "count": 0,
    "updated": 0
  },
  {
    "id": "35027f22-fe32-41da-98c5-c9a5a07e338b",
    "data": [
      {
        "text": "pleased to meet you",
        "userDefined": false
      }
    ],
    "isTemplate": false,
    "count": 0,
    "updated": 0
  },
  {
    "id": "8d9ad505-ed8c-46a8-a493-161ffbd06229",
    "data": [
      {
        "text": "it was nice meeting you",
        "userDefined": false
      }
    ],
    "isTemplate": false,
    "count": 0,
    "updated": 0
  },
  {
    "id": "cb5ea05b-f84a-4eed-b791-0e7c29f60298",
    "data": [
      {
        "text": "happy to meet you",
        "userDefined": false
      }
    ],
    "isTemplate": false,
    "count": 1,
    "updated": 0
  },
  {
    "id": "3d74a7a0-03c4-4281-a462-092d23a15bd5",
    "data": [
      {
        "text": "glad to meet you",
        "userDefined": false
      }
    ],
    "isTemplate": false,
    "count": 0,
    "updated": 0
  },
  {
    "id": "08fee323-e3e2-4b5d-9dfb-ed01acffdfe7",
    "data": [
      {
        "text": "good to know each other",
        "userDefined": false
      }
    ],
    "isTemplate": false,
    "count": 1,
    "updated": 0
  },
  {
    "id": "b4e2c8d3-2303-46f4-9fac-b43559d9124d",
    "data": [
      {
        "text": "nice meeting you",
        "userDefined": false
      }
    ],
    "isTemplate": false,
    "count": 0,
    "updated": 0
  },
  {
    "id": "9730e118-ec0b-4105-b716-a61d0ec30878",
    "data": [
      {
        "text": "please to meet you too",
        "userDefined": false
      }
    ],
    "isTemplate": false,
    "count": 0,
    "updated": 0
  },
  {
    "id": "3ec569bb-0b0b-48c9-a731-134a662fd74c",
    "data": [
      {
        "text": "pleasure to meet you",
        "userDefined": false
      }
    ],
    "isTemplate": false,
    "count": 0,
    "updated": 0
  },
  {
    "id": "59d11bdd-129d-42f9-bae1-a89f54d328f3",
    "data": [
      {
        "text": "it was very nice to meet you",
        "userDefined": false
      }
    ],
    "isTemplate": false,
    "count": 0,
    "updated": 0
  }
]