[
  {
    "id": "ecffc929-8a85-461a-ae90-6de97ab3c561",
    "data": [
      {
        "text": "i am so happy",
        "userDefined": false
      }
    ],
    "isTemplate": false,
    "count": 0,
    "updated": 0
  },
  {
    "id": "146eeddd-5deb-4460-9970-bcb6a330e34f",
    "data": [
      {
        "text": "i feel amazing",
        "userDefined": false
      }
    ],
    "isTemplate": false,
    "count": 0,
    "updated": 0
  },
  {
    "id": "87e5e361-1e23-4e30-8152-86d8ed639fd4",
    "data": [
      {
        "text": "i feel amazing ",
        "userDefined": false
      },
      {
        "text": "today",
        "alias": "date",
        "meta": "@sys.date",
        "userDefined": false
      }
    ],
    "isTemplate": false,
    "count": 0,
    "updated": 0
  },
  {
    "id": "ed8f3ac5-75c1-4d41-9f39-0f99a60dcdbd",
    "data": [
      {
        "text": "i feel happy",
        "userDefined": false
      }
    ],
    "isTemplate": false,
    "count": 0,
    "updated": 0
  },
  {
    "id": "1918be22-2edd-47c7-a605-0de82cb6d364",
    "data": [
      {
        "text": "i am happy",
        "userDefined": false
      }
    ],
    "isTemplate": false,
    "count": 0,
    "updated": 0
  },
  {
    "id": "98ac7740-bfa1-4c16-8ab4-16f72457bcad",
    "data": [
      {
        "text": "I\u0027m happy",
        "userDefined": false
      }
    ],
    "isTemplate": false,
    "count": 0,
    "updated": 0
  }
]