[
  {
    "id": "00b53978-8ff9-45a3-9986-245f4326b37b",
    "data": [
      {
        "text": "i\u0027m not sure",
        "userDefined": false
      }
    ],
    "isTemplate": false,
    "count": 1,
    "updated": 0
  },
  {
    "id": "5d9a7d28-f329-4f17-8a66-8566d4bcc072",
    "data": [
      {
        "text": "not quite sure",
        "userDefined": false
      }
    ],
    "isTemplate": false,
    "count": 0,
    "updated": 0
  },
  {
    "id": "ed0667ec-b3d3-4933-905b-c97a4a43cfbf",
    "data": [
      {
        "text": "unsure about that",
        "userDefined": false
      }
    ],
    "isTemplate": false,
    "count": 0,
    "updated": 0
  },
  {
    "id": "32c75913-afb5-4f8b-9d1c-05d20b901207",
    "data": [
      {
        "text": "i\u0027m unsure",
        "userDefined": false
      }
    ],
    "isTemplate": false,
    "count": 0,
    "updated": 0
  },
  {
    "id": "c5a56edc-595d-46dc-8950-0cbd6f26d832",
    "data": [
      {
        "text": "i don\u0027t know for sure",
        "userDefined": false
      }
    ],
    "isTemplate": false,
    "count": 0,
    "updated": 0
  },
  {
    "id": "de121f0c-8f85-4494-aa08-bba078b36398",
    "data": [
      {
        "text": "not sure about that",
        "userDefined": false
      }
    ],
    "isTemplate": false,
    "count": 0,
    "updated": 0
  }
]