[
  {
    "id": "15fa21f5-1cbc-4fd6-b8ab-ad3217fca7b4",
    "data": [
      {
        "text": "don\u0027t give a fuck",
        "userDefined": false
      }
    ],
    "isTemplate": false,
    "count": 0,
    "updated": 0
  },
  {
    "id": "d923a21b-1f54-4312-8e0b-d20e178aec08",
    "data": [
      {
        "text": "i don\u0027t give a fuck",
        "userDefined": false
      }
    ],
    "isTemplate": false,
    "count": 0,
    "updated": 0
  },
  {
    "id": "8d6f3d55-955c-4015-868e-7c68dc0f8d4c",
    "data": [
      {
        "text": "won\u0027t care",
        "userDefined": false
      }
    ],
    "isTemplate": false,
    "count": 0,
    "updated": 0
  },
  {
    "id": "3580e39b-e5ac-4993-b1af-3eeceb7c7a66",
    "data": [
      {
        "text": "not caring",
        "userDefined": false
      }
    ],
    "isTemplate": false,
    "count": 0,
    "updated": 0
  },
  {
    "id": "96bdceab-c71c-4b3c-8255-0ec6856bf687",
    "data": [
      {
        "text": "do not care",
        "userDefined": false
      }
    ],
    "isTemplate": false,
    "count": 1,
    "updated": 0
  },
  {
    "id": "d4bce567-d409-4a4d-83ec-834da8d94176",
    "data": [
      {
        "text": "not care at all",
        "userDefined": false
      }
    ],
    "isTemplate": false,
    "count": 0,
    "updated": 0
  },
  {
    "id": "09ce76b9-06a2-4aa7-a4e8-789116f277b5",
    "data": [
      {
        "text": "i shouldn\u0027t care about this",
        "userDefined": false
      }
    ],
    "isTemplate": false,
    "count": 0,
    "updated": 0
  },
  {
    "id": "46c578a5-d43f-4b01-b502-8fd4bb27c3e6",
    "data": [
      {
        "text": "i shouldn\u0027t care",
        "userDefined": false
      }
    ],
    "isTemplate": false,
    "count": 0,
    "updated": 0
  },
  {
    "id": "7356d2b1-207d-4335-843b-1837a3921f6e",
    "data": [
      {
        "text": "can\u0027t care ",
        "userDefined": false
      },
      {
        "text": "less",
        "meta": "@sys.ignore",
        "userDefined": false
      }
    ],
    "isTemplate": false,
    "count": 0,
    "updated": 0
  },
  {
    "id": "99d647cc-ffa6-4de0-9c5b-f3beff62b103",
    "data": [
      {
        "text": "couldn\u0027t care ",
        "userDefined": false
      },
      {
        "text": "less",
        "meta": "@sys.ignore",
        "userDefined": false
      }
    ],
    "isTemplate": false,
    "count": 0,
    "updated": 0
  },
  {
    "id": "9e5acc40-e001-4e43-aa25-777a07f5a0cf",
    "data": [
      {
        "text": "don\u0027t care at all",
        "userDefined": false
      }
    ],
    "isTemplate": false,
    "count": 0,
    "updated": 0
  },
  {
    "id": "0cf3142d-e371-44e5-94d3-9c1ab305a010",
    "data": [
      {
        "text": "i don\u0027t care at all",
        "userDefined": false
      }
    ],
    "isTemplate": false,
    "count": 0,
    "updated": 0
  },
  {
    "id": "623e3ea8-bc89-4f07-9fc7-b0a5fc815293",
    "data": [
      {
        "text": "who cares",
        "userDefined": false
      }
    ],
    "isTemplate": false,
    "count": 0,
    "updated": 0
  },
  {
    "id": "5c48918f-df67-4298-a6b0-3c03a7d05d91",
    "data": [
      {
        "text": "whatever",
        "userDefined": false
      }
    ],
    "isTemplate": false,
    "count": 1,
    "updated": 0
  },
  {
    "id": "cb24eae3-c44c-4a10-bbf9-f02aca55e097",
    "data": [
      {
        "text": "not caring at all",
        "userDefined": false
      }
    ],
    "isTemplate": false,
    "count": 0,
    "updated": 0
  },
  {
    "id": "79383c19-63ef-4e0d-841d-3e8159cef0c3",
    "data": [
      {
        "text": "i couldn\u0027t care ",
        "userDefined": false
      },
      {
        "text": "less",
        "meta": "@sys.ignore",
        "userDefined": false
      }
    ],
    "isTemplate": false,
    "count": 0,
    "updated": 0
  },
  {
    "id": "476cbb5c-c718-420b-8632-b48d1ab8edf9",
    "data": [
      {
        "text": "i do not care",
        "userDefined": false
      }
    ],
    "isTemplate": false,
    "count": 1,
    "updated": 0
  },
  {
    "id": "6c31f296-757b-49a9-ba52-5bf3af83eec0",
    "data": [
      {
        "text": "don\u0027t care",
        "userDefined": false
      }
    ],
    "isTemplate": false,
    "count": 0,
    "updated": 0
  },
  {
    "id": "67a32ecc-4eec-41de-acce-9a9451bcf019",
    "data": [
      {
        "text": "i don\u0027t care",
        "userDefined": false
      }
    ],
    "isTemplate": false,
    "count": 0,
    "updated": 0
  }
]