[
  {
    "id": "55440fe7-699e-4c81-a8d1-f3233d13c9e5",
    "data": [
      {
        "text": "what a lovely thing to see you again",
        "userDefined": false
      }
    ],
    "isTemplate": false,
    "count": 0,
    "updated": 0
  },
  {
    "id": "eeeac619-edc6-40c1-bcaf-07f94049d3f7",
    "data": [
      {
        "text": "what a pleasure to see you again",
        "userDefined": false
      }
    ],
    "isTemplate": false,
    "count": 0,
    "updated": 0
  },
  {
    "id": "7d9507e3-b21d-4bc6-ad0c-785210727526",
    "data": [
      {
        "text": "great to see you",
        "userDefined": false
      }
    ],
    "isTemplate": false,
    "count": 0,
    "updated": 0
  },
  {
    "id": "379b45d9-8b8f-4f0e-b4d0-49e52ed2158e",
    "data": [
      {
        "text": "it\u0027s good to see you",
        "userDefined": false
      }
    ],
    "isTemplate": false,
    "count": 0,
    "updated": 0
  },
  {
    "id": "f45208fc-075f-4dab-9d5c-4cb90c624c02",
    "data": [
      {
        "text": "great to see you again",
        "userDefined": false
      }
    ],
    "isTemplate": false,
    "count": 0,
    "updated": 0
  },
  {
    "id": "3f00dd22-f90a-47b7-99ae-e804f71a2760",
    "data": [
      {
        "text": "good to see you again",
        "userDefined": false
      }
    ],
    "isTemplate": false,
    "count": 0,
    "updated": 0
  },
  {
    "id": "c864ca51-1f63-4f01-85a1-53e97d36dc69",
    "data": [
      {
        "text": "always a pleasure to see you",
        "userDefined": false
      }
    ],
    "isTemplate": false,
    "count": 0,
    "updated": 0
  },
  {
    "id": "717ec4e0-215f-4671-8624-691612fca482",
    "data": [
      {
        "text": "glad to see you",
        "userDefined": false
      }
    ],
    "isTemplate": false,
    "count": 0,
    "updated": 0
  },
  {
    "id": "9af10f41-8cd1-4191-8305-837120a58d16",
    "data": [
      {
        "text": "wonderful to see you again",
        "userDefined": false
      }
    ],
    "isTemplate": false,
    "count": 0,
    "updated": 0
  },
  {
    "id": "c9cf0d84-32fe-46ab-a9b1-fdd9d3879536",
    "data": [
      {
        "text": "lovely to see you",
        "userDefined": false
      }
    ],
    "isTemplate": false,
    "count": 0,
    "updated": 0
  },
  {
    "id": "ebf95468-3b4b-4552-893e-01004a6cdabe",
    "data": [
      {
        "text": "nice to see you",
        "userDefined": false
      }
    ],
    "isTemplate": false,
    "count": 0,
    "updated": 0
  },
  {
    "id": "4ec82370-379a-4002-80ab-36d452126858",
    "data": [
      {
        "text": "how good it is to see you",
        "userDefined": false
      }
    ],
    "isTemplate": false,
    "count": 0,
    "updated": 0
  },
  {
    "id": "1b7647da-8272-47b5-a1b3-587121dc521d",
    "data": [
      {
        "text": "i am very happy to see you again",
        "userDefined": false
      }
    ],
    "isTemplate": false,
    "count": 0,
    "updated": 0
  },
  {
    "id": "1d01dc00-d061-44e7-95dd-b0f299de2dc7",
    "data": [
      {
        "text": "i am glad to see you again",
        "userDefined": false
      }
    ],
    "isTemplate": false,
    "count": 0,
    "updated": 0
  },
  {
    "id": "80ffd3c8-9e92-4930-8298-c3f500b1b7d6",
    "data": [
      {
        "text": "it\u0027s good to see you too",
        "userDefined": false
      }
    ],
    "isTemplate": false,
    "count": 0,
    "updated": 0
  },
  {
    "id": "0f842523-b97c-44bc-b387-386d9d291127",
    "data": [
      {
        "text": "great to see you too",
        "userDefined": false
      }
    ],
    "isTemplate": false,
    "count": 0,
    "updated": 0
  },
  {
    "id": "3714f7e3-9add-4429-85d4-ee0f12ac98b7",
    "data": [
      {
        "text": "i\u0027m happy to see you",
        "userDefined": false
      }
    ],
    "isTemplate": false,
    "count": 0,
    "updated": 0
  },
  {
    "id": "75f430f0-5f92-46f6-a264-a78c3bb5f5a8",
    "data": [
      {
        "text": "i\u0027m glad to see you",
        "userDefined": false
      }
    ],
    "isTemplate": false,
    "count": 0,
    "updated": 0
  },
  {
    "id": "6ed0d9ac-0133-4a4c-97e0-f3e84d5d118c",
    "data": [
      {
        "text": "it\u0027s nice to see you",
        "userDefined": false
      }
    ],
    "isTemplate": false,
    "count": 0,
    "updated": 0
  },
  {
    "id": "d29d7d0b-e523-4629-b347-be11f7541e86",
    "data": [
      {
        "text": "good to see you",
        "userDefined": false
      }
    ],
    "isTemplate": false,
    "count": 1,
    "updated": 0
  },
  {
    "id": "1e85f417-6925-4f97-aec3-72e93487f97d",
    "data": [
      {
        "text": "glad to see you too",
        "userDefined": false
      }
    ],
    "isTemplate": false,
    "count": 0,
    "updated": 0
  },
  {
    "id": "08f13c08-a031-4e31-8aa4-48db688606d9",
    "data": [
      {
        "text": "nice to see you again",
        "userDefined": false
      }
    ],
    "isTemplate": false,
    "count": 0,
    "updated": 0
  }
]