[
  {
    "id": "ecb6043e-dc86-49dc-a233-a3b95dd42fca",
    "data": [
      {
        "text": "Kuka keksi rakkauden?",
        "userDefined": false
      }
    ],
    "isTemplate": false,
    "count": 1,
    "updated": 0
  },
  {
    "id": "2eb682f5-9b09-4b45-9479-8edb15964ed1",
    "data": [
      {
        "text": "Who invented love?",
        "userDefined": false
      }
    ],
    "isTemplate": false,
    "count": 1,
    "updated": 0
  },
  {
    "id": "29fb5d78-9ad1-4522-8ac2-e25fcb37b19a",
    "data": [
      {
        "text": "who is the inventor of love",
        "userDefined": false
      }
    ],
    "isTemplate": false,
    "count": 1,
    "updated": 0
  }
]