[
  {
    "id": "8f24b4c8-55c7-461d-a9f6-4ff1a0f6005e",
    "data": [
      {
        "text": "How are you?",
        "userDefined": false
      }
    ],
    "isTemplate": false,
    "count": 1,
    "updated": 0
  },
  {
    "id": "b8523c13-b3a8-4c93-800c-97ba7ee38582",
    "data": [
      {
        "text": "how are you granny today?",
        "userDefined": false
      }
    ],
    "isTemplate": false,
    "count": 0,
    "updated": 0
  },
  {
    "id": "b97f0eea-828e-4f51-a287-790e1fa36f74",
    "data": [
      {
        "text": "how are you?",
        "userDefined": false
      }
    ],
    "isTemplate": false,
    "count": 1,
    "updated": 0
  },
  {
    "id": "d5bee8f5-ae0b-4186-9fd6-3df3c882480e",
    "data": [
      {
        "text": "miten menee",
        "userDefined": false
      }
    ],
    "isTemplate": false,
    "count": 1,
    "updated": 0
  },
  {
    "id": "c439b117-02aa-4e73-9d11-32ba6709f3f1",
    "data": [
      {
        "text": "Miten menee?",
        "userDefined": false
      }
    ],
    "isTemplate": false,
    "count": 0,
    "updated": 0
  },
  {
    "id": "dee3859d-082b-41eb-90e2-bbd5a16d840b",
    "data": [
      {
        "text": "How’s life+",
        "userDefined": false
      }
    ],
    "isTemplate": false,
    "count": 0,
    "updated": 0
  },
  {
    "id": "e44894e4-9aff-4826-bdd0-0de624f9ed66",
    "data": [
      {
        "text": "how are you today?",
        "userDefined": false
      }
    ],
    "isTemplate": false,
    "count": 0,
    "updated": 0
  },
  {
    "id": "8d1fdceb-a8f5-4946-987b-a419aa40b146",
    "data": [
      {
        "text": "How are you today?",
        "userDefined": false
      }
    ],
    "isTemplate": false,
    "count": 1,
    "updated": 0
  },
  {
    "id": "b7a4942e-2842-4e8f-b632-c5c64c1cdf9b",
    "data": [
      {
        "text": "How are you doing?",
        "userDefined": false
      }
    ],
    "isTemplate": false,
    "count": 1,
    "updated": 0
  },
  {
    "id": "2bdfa686-d731-41a0-b01b-a7d5d1db661f",
    "data": [
      {
        "text": "how are you granny?",
        "userDefined": false
      }
    ],
    "isTemplate": false,
    "count": 1,
    "updated": 0
  },
  {
    "id": "4cbc0e11-6cce-4a47-a2f2-d862847a161c",
    "data": [
      {
        "text": "How are you doing granny?",
        "userDefined": false
      }
    ],
    "isTemplate": false,
    "count": 1,
    "updated": 0
  },
  {
    "id": "fa34ffbb-2663-405f-8742-62f40c3c980b",
    "data": [
      {
        "text": "How are you grandma?",
        "userDefined": false
      }
    ],
    "isTemplate": false,
    "count": 0,
    "updated": 0
  },
  {
    "id": "d76ed0d7-3967-43a7-bbdb-b03393d241bd",
    "data": [
      {
        "text": "how are holding up",
        "userDefined": false
      }
    ],
    "isTemplate": false,
    "count": 0,
    "updated": 0
  },
  {
    "id": "85603466-6040-45a6-98fe-a7b8ddf218cd",
    "data": [
      {
        "text": "how are you feeling",
        "userDefined": false
      }
    ],
    "isTemplate": false,
    "count": 0,
    "updated": 0
  },
  {
    "id": "ab270968-015d-4d36-b38d-d8d4cf359563",
    "data": [
      {
        "text": "how ya doin\u0027",
        "userDefined": false
      }
    ],
    "isTemplate": false,
    "count": 0,
    "updated": 0
  },
  {
    "id": "1fa19019-0eb5-418e-80af-1b4a2375abd9",
    "data": [
      {
        "text": "how ya doing",
        "userDefined": false
      }
    ],
    "isTemplate": false,
    "count": 0,
    "updated": 0
  },
  {
    "id": "d820911b-aee1-46ea-9852-c74438599ca3",
    "data": [
      {
        "text": "how dost thou",
        "userDefined": false
      }
    ],
    "isTemplate": false,
    "count": 0,
    "updated": 0
  },
  {
    "id": "be8c5404-2482-46db-8271-1774b5349b5a",
    "data": [
      {
        "text": "how do you fare",
        "userDefined": false
      }
    ],
    "isTemplate": false,
    "count": 0,
    "updated": 0
  },
  {
    "id": "589413fc-25d9-4e39-8777-dd169270d0f3",
    "data": [
      {
        "text": "how is it rolling",
        "userDefined": false
      }
    ],
    "isTemplate": false,
    "count": 0,
    "updated": 0
  },
  {
    "id": "8f559b70-a68e-4f15-9b9d-5130b828c2fa",
    "data": [
      {
        "text": "how\u0027s everything",
        "userDefined": false
      }
    ],
    "isTemplate": false,
    "count": 0,
    "updated": 0
  },
  {
    "id": "9f2e7906-37b6-43bb-ab8b-1359666c3644",
    "data": [
      {
        "text": "how\u0027s life going",
        "userDefined": false
      }
    ],
    "isTemplate": false,
    "count": 0,
    "updated": 0
  },
  {
    "id": "2ae42222-8454-49f3-9692-af1e88fb4e85",
    "data": [
      {
        "text": "how is it going",
        "userDefined": false
      }
    ],
    "isTemplate": false,
    "count": 0,
    "updated": 0
  },
  {
    "id": "c98f4649-370e-4c2e-91a7-7464cf1a7a59",
    "data": [
      {
        "text": "how\u0027s it going",
        "userDefined": false
      }
    ],
    "isTemplate": false,
    "count": 0,
    "updated": 0
  },
  {
    "id": "25157b03-8992-46ce-80b9-8ccf7aae9410",
    "data": [
      {
        "text": "mitä kuuluu",
        "userDefined": false
      }
    ],
    "isTemplate": false,
    "count": 0,
    "updated": 0
  },
  {
    "id": "28a997c9-272e-4d31-9fbf-55cfe385e761",
    "data": [
      {
        "text": "mitäs kuuluu",
        "userDefined": false
      }
    ],
    "isTemplate": false,
    "count": 0,
    "updated": 0
  },
  {
    "id": "5114710a-f259-40e7-b970-d355e8e60bb2",
    "data": [
      {
        "text": "kuis huiskii",
        "userDefined": false
      }
    ],
    "isTemplate": false,
    "count": 0,
    "updated": 0
  },
  {
    "id": "1599a31d-75dc-42af-9b78-63738aae0481",
    "data": [
      {
        "text": "kuis pyyhkii",
        "userDefined": false
      }
    ],
    "isTemplate": false,
    "count": 0,
    "updated": 0
  },
  {
    "id": "14e9aded-deea-4f3e-93f4-7fb0981640c0",
    "data": [
      {
        "text": "wie geht es dir",
        "userDefined": false
      }
    ],
    "isTemplate": false,
    "count": 0,
    "updated": 0
  },
  {
    "id": "25029eb7-d8d2-4c6e-b6fe-f5988b044502",
    "data": [
      {
        "text": "quid agis",
        "userDefined": false
      }
    ],
    "isTemplate": false,
    "count": 0,
    "updated": 0
  },
  {
    "id": "2fe8e7ab-9cff-45c7-9dca-d44540a949d5",
    "data": [
      {
        "text": "are you well",
        "userDefined": false
      }
    ],
    "isTemplate": false,
    "count": 0,
    "updated": 0
  },
  {
    "id": "29205027-3013-4999-8f8a-439b2f96fb78",
    "data": [
      {
        "text": "how is it hanging",
        "userDefined": false
      }
    ],
    "isTemplate": false,
    "count": 0,
    "updated": 0
  },
  {
    "id": "9678e9de-048f-4067-a096-beef3d789bc6",
    "data": [
      {
        "text": "how are things coming along",
        "userDefined": false
      }
    ],
    "isTemplate": false,
    "count": 0,
    "updated": 0
  },
  {
    "id": "ea752f6d-d49c-4793-ba97-efdf2f1022cd",
    "data": [
      {
        "text": "how are things going",
        "userDefined": false
      }
    ],
    "isTemplate": false,
    "count": 0,
    "updated": 0
  },
  {
    "id": "21f9d238-e08d-48fa-a547-f65c8182944b",
    "data": [
      {
        "text": "how\u0027s life treating you",
        "userDefined": false
      }
    ],
    "isTemplate": false,
    "count": 0,
    "updated": 0
  },
  {
    "id": "22511a17-6963-40d4-92fd-503a337c065c",
    "data": [
      {
        "text": "how do you do",
        "userDefined": false
      }
    ],
    "isTemplate": false,
    "count": 0,
    "updated": 0
  },
  {
    "id": "e60d81a9-c744-432b-841e-3178b0177d55",
    "data": [
      {
        "text": "what\u0027s sizzling",
        "userDefined": false
      }
    ],
    "isTemplate": false,
    "count": 0,
    "updated": 0
  },
  {
    "id": "44cb7219-c555-4546-a472-dd55e506e1bf",
    "data": [
      {
        "text": "how are you doing",
        "userDefined": false
      }
    ],
    "isTemplate": false,
    "count": 1,
    "updated": 0
  },
  {
    "id": "d0f25134-618c-4080-a03d-c03379cfeffe",
    "data": [
      {
        "text": "what\u0027s shaking bacon",
        "userDefined": false
      }
    ],
    "isTemplate": false,
    "count": 0,
    "updated": 0
  },
  {
    "id": "edbfa177-642b-49ff-8a60-5f06298e5065",
    "data": [
      {
        "text": "how\u0027s living in your shoes",
        "userDefined": false
      }
    ],
    "isTemplate": false,
    "count": 0,
    "updated": 0
  },
  {
    "id": "2cf81009-4037-4bf6-a040-0bfd43e52550",
    "data": [
      {
        "text": "how is life sailing",
        "userDefined": false
      }
    ],
    "isTemplate": false,
    "count": 0,
    "updated": 0
  },
  {
    "id": "6a1eb038-feb1-4c49-acfd-50459a4db3a4",
    "data": [
      {
        "text": "what was your day like",
        "userDefined": false
      }
    ],
    "isTemplate": false,
    "count": 0,
    "updated": 0
  },
  {
    "id": "13711e6d-80c3-49ad-812f-32bc04303a20",
    "data": [
      {
        "text": "what about your day",
        "userDefined": false
      }
    ],
    "isTemplate": false,
    "count": 0,
    "updated": 0
  },
  {
    "id": "93551242-f58c-4625-b636-2c777738216e",
    "data": [
      {
        "text": "is everything alright",
        "userDefined": false
      }
    ],
    "isTemplate": false,
    "count": 0,
    "updated": 0
  },
  {
    "id": "8333170a-7c02-4687-911a-adb459c3f21e",
    "data": [
      {
        "text": "I\u0027m fine and you?",
        "userDefined": false
      }
    ],
    "isTemplate": false,
    "count": 0,
    "updated": 0
  },
  {
    "id": "6dee8120-31e8-4d5f-8dd9-e1efe68cb632",
    "data": [
      {
        "text": "how\u0027s your day going",
        "userDefined": false
      }
    ],
    "isTemplate": false,
    "count": 0,
    "updated": 0
  },
  {
    "id": "b7f68965-b6dd-4fcf-8a4d-33118bac9a52",
    "data": [
      {
        "text": "how\u0027s your day",
        "userDefined": false
      }
    ],
    "isTemplate": false,
    "count": 0,
    "updated": 0
  },
  {
    "id": "c60ed0b3-37bd-410f-8dcf-4af5d35f1355",
    "data": [
      {
        "text": "how is your day",
        "userDefined": false
      }
    ],
    "isTemplate": false,
    "count": 0,
    "updated": 0
  },
  {
    "id": "3651ed54-0093-46ac-af81-f85e7bc4dd08",
    "data": [
      {
        "text": "how is life",
        "userDefined": false
      }
    ],
    "isTemplate": false,
    "count": 0,
    "updated": 0
  },
  {
    "id": "96914f31-fefd-41b6-916d-934ec7620f41",
    "data": [
      {
        "text": "how\u0027s life",
        "userDefined": false
      }
    ],
    "isTemplate": false,
    "count": 0,
    "updated": 0
  },
  {
    "id": "69edd3e6-7b47-4d9b-8317-4399b29590db",
    "data": [
      {
        "text": "how your day is going",
        "userDefined": false
      }
    ],
    "isTemplate": false,
    "count": 0,
    "updated": 0
  },
  {
    "id": "bc1ebcdf-f762-45d2-8405-5fa366973d5b",
    "data": [
      {
        "text": "how was your day",
        "userDefined": false
      }
    ],
    "isTemplate": false,
    "count": 0,
    "updated": 0
  },
  {
    "id": "6b39de41-5ef4-4ef4-bea9-13bc15f20a92",
    "data": [
      {
        "text": "how is your morning so far",
        "userDefined": false
      }
    ],
    "isTemplate": false,
    "count": 0,
    "updated": 0
  },
  {
    "id": "40fc4ecc-1e46-445b-aeb0-c424527296c7",
    "data": [
      {
        "text": "how is your morning going",
        "userDefined": false
      }
    ],
    "isTemplate": false,
    "count": 0,
    "updated": 0
  },
  {
    "id": "4665250d-4a41-4df7-a73e-ecfbb6c4ee41",
    "data": [
      {
        "text": "how is your life",
        "userDefined": false
      }
    ],
    "isTemplate": false,
    "count": 0,
    "updated": 0
  },
  {
    "id": "b5d84b0d-2316-4044-91be-97efef50ba1c",
    "data": [
      {
        "text": "how is your evening",
        "userDefined": false
      }
    ],
    "isTemplate": false,
    "count": 0,
    "updated": 0
  },
  {
    "id": "68299f19-6727-451d-a2af-ce7d6101a683",
    "data": [
      {
        "text": "how is your day going on",
        "userDefined": false
      }
    ],
    "isTemplate": false,
    "count": 0,
    "updated": 0
  },
  {
    "id": "5b75d6e6-a842-4c27-88ab-45516ffcc341",
    "data": [
      {
        "text": "how is your day going",
        "userDefined": false
      }
    ],
    "isTemplate": false,
    "count": 2,
    "updated": 0
  },
  {
    "id": "a59cf871-3108-490f-9c1f-5565daa513c1",
    "data": [
      {
        "text": "how is it",
        "userDefined": false
      }
    ],
    "isTemplate": false,
    "count": 0,
    "updated": 0
  },
  {
    "id": "f5236a54-37ca-4168-8683-4757626ba4e4",
    "data": [
      {
        "text": "how has your day been going",
        "userDefined": false
      }
    ],
    "isTemplate": false,
    "count": 0,
    "updated": 0
  },
  {
    "id": "e07a3c2e-540d-4f21-8dd4-761adf243503",
    "data": [
      {
        "text": "how has your day been",
        "userDefined": false
      }
    ],
    "isTemplate": false,
    "count": 0,
    "updated": 0
  },
  {
    "id": "ba50c734-0397-4552-9072-b3ea2c717142",
    "data": [
      {
        "text": "how do you feel",
        "userDefined": false
      }
    ],
    "isTemplate": false,
    "count": 1,
    "updated": 0
  },
  {
    "id": "676149a0-d45e-451a-aefd-bfce1a6f4eba",
    "data": [
      {
        "text": "how have you been",
        "userDefined": false
      }
    ],
    "isTemplate": false,
    "count": 1,
    "updated": 0
  },
  {
    "id": "9d393f88-b3ca-459b-af7c-2f2b6f0237ee",
    "data": [
      {
        "text": "how is everything",
        "userDefined": false
      }
    ],
    "isTemplate": false,
    "count": 0,
    "updated": 0
  },
  {
    "id": "edb8eaca-0f57-4917-8ed4-6b33ff1f37de",
    "data": [
      {
        "text": "how are you holding up",
        "userDefined": false
      }
    ],
    "isTemplate": false,
    "count": 0,
    "updated": 0
  },
  {
    "id": "acfaa8c2-72ef-40f8-b494-f40fee9fe11f",
    "data": [
      {
        "text": "how are you ",
        "userDefined": false
      },
      {
        "text": "today",
        "meta": "@sys.ignore",
        "userDefined": false
      }
    ],
    "isTemplate": false,
    "count": 1,
    "updated": 0
  },
  {
    "id": "31add9fb-4c84-4284-9205-219de8a1d8c9",
    "data": [
      {
        "text": "how are you getting on",
        "userDefined": false
      }
    ],
    "isTemplate": false,
    "count": 1,
    "updated": 0
  },
  {
    "id": "23c5856c-6723-4c42-81a7-e4c02333b4e2",
    "data": [
      {
        "text": "how are you doing this morning",
        "userDefined": false
      }
    ],
    "isTemplate": false,
    "count": 1,
    "updated": 0
  },
  {
    "id": "f39c525a-8625-49a0-9610-08e50afe9742",
    "data": [
      {
        "text": "how are you",
        "userDefined": false
      }
    ],
    "isTemplate": false,
    "count": 0,
    "updated": 0
  },
  {
    "id": "9d9aff72-6fee-4a89-9b3e-601ed62259ef",
    "data": [
      {
        "text": "how are the things going",
        "userDefined": false
      }
    ],
    "isTemplate": false,
    "count": 0,
    "updated": 0
  },
  {
    "id": "9f316494-8308-4988-87bc-262fee558de0",
    "data": [
      {
        "text": "how about you",
        "userDefined": false
      }
    ],
    "isTemplate": false,
    "count": 0,
    "updated": 0
  },
  {
    "id": "6cbbb56d-6881-41d5-9c27-fa45fbadc0d6",
    "data": [
      {
        "text": "hope you are having a good week",
        "userDefined": false
      }
    ],
    "isTemplate": false,
    "count": 0,
    "updated": 0
  },
  {
    "id": "a6303590-a0f7-443f-b1fd-3e7fc063819a",
    "data": [
      {
        "text": "hope your day is going well",
        "userDefined": false
      }
    ],
    "isTemplate": false,
    "count": 0,
    "updated": 0
  },
  {
    "id": "a41abbb0-3683-4b62-86a8-e0d84a0fd909",
    "data": [
      {
        "text": "hope you\u0027re having a pleasant evening",
        "userDefined": false
      }
    ],
    "isTemplate": false,
    "count": 0,
    "updated": 0
  },
  {
    "id": "242d5221-6ba8-4fd3-8f0c-12991817e0bb",
    "data": [
      {
        "text": "are you good",
        "userDefined": false
      }
    ],
    "isTemplate": false,
    "count": 0,
    "updated": 0
  },
  {
    "id": "0aea5c11-1ab7-4d8c-bd1d-eb4c20d7c891",
    "data": [
      {
        "text": "are you holding up okay",
        "userDefined": false
      }
    ],
    "isTemplate": false,
    "count": 0,
    "updated": 0
  },
  {
    "id": "6d7e815f-0a76-4514-b065-7c15ef1a7523",
    "data": [
      {
        "text": "are you okay",
        "userDefined": false
      }
    ],
    "isTemplate": false,
    "count": 0,
    "updated": 0
  },
  {
    "id": "758cd5a2-e906-4f21-819b-ff476321391b",
    "data": [
      {
        "text": "are you having a good day",
        "userDefined": false
      }
    ],
    "isTemplate": false,
    "count": 0,
    "updated": 0
  },
  {
    "id": "f3a3433b-809f-4241-bbfb-474e7d6d6810",
    "data": [
      {
        "text": "are you alright",
        "userDefined": false
      }
    ],
    "isTemplate": false,
    "count": 0,
    "updated": 0
  }
]