[
  {
    "id": "725f5ad1-67b9-433c-8fd2-5fec99c5ea74",
    "data": [
      {
        "text": "disregard what I just said",
        "userDefined": false
      }
    ],
    "isTemplate": false,
    "count": 0,
    "updated": 0
  },
  {
    "id": "f61e7b48-c7e6-448b-a655-2fd879570a97",
    "data": [
      {
        "text": "disregard that",
        "userDefined": false
      }
    ],
    "isTemplate": false,
    "count": 0,
    "updated": 0
  },
  {
    "id": "acfafe8f-b9c4-48e4-9a96-b7232ca1edde",
    "data": [
      {
        "text": "disregard",
        "userDefined": false
      }
    ],
    "isTemplate": false,
    "count": 0,
    "updated": 0
  },
  {
    "id": "87eb0abc-7c4f-43f5-b313-9225b3d01d40",
    "data": [
      {
        "text": "cancel cancel",
        "userDefined": false
      }
    ],
    "isTemplate": false,
    "count": 0,
    "updated": 0
  },
  {
    "id": "d4bfbeed-596e-4e5b-82ab-496b83a86a9f",
    "data": [
      {
        "text": "no cancel cancel",
        "userDefined": false
      }
    ],
    "isTemplate": false,
    "count": 0,
    "updated": 0
  },
  {
    "id": "62f9404b-af7a-4014-9518-c70da421236b",
    "data": [
      {
        "text": "sorry cancel",
        "userDefined": false
      }
    ],
    "isTemplate": false,
    "count": 0,
    "updated": 0
  },
  {
    "id": "5fd6713d-b806-4516-b438-4bcdf3bfc28e",
    "data": [
      {
        "text": "cancel everything",
        "userDefined": false
      }
    ],
    "isTemplate": false,
    "count": 0,
    "updated": 0
  },
  {
    "id": "18d0a139-ddbd-436e-a179-b2aedad598f2",
    "data": [
      {
        "text": "i want to cancel",
        "userDefined": false
      }
    ],
    "isTemplate": false,
    "count": 0,
    "updated": 0
  },
  {
    "id": "fdcedb0d-c846-433e-be88-b5ec6b515648",
    "data": [
      {
        "text": "cancel",
        "userDefined": false
      }
    ],
    "isTemplate": false,
    "count": 0,
    "updated": 0
  },
  {
    "id": "223738c2-f55c-4e0c-a6e3-2cff8e190248",
    "data": [
      {
        "text": "no just cancel",
        "userDefined": false
      }
    ],
    "isTemplate": false,
    "count": 0,
    "updated": 0
  },
  {
    "id": "b43b7239-52ec-4996-91e2-3cbee13c2135",
    "data": [
      {
        "text": "forget it",
        "userDefined": false
      }
    ],
    "isTemplate": false,
    "count": 0,
    "updated": 0
  },
  {
    "id": "a8995424-44cc-40f7-af69-26adca31929c",
    "data": [
      {
        "text": "just forget it",
        "userDefined": false
      }
    ],
    "isTemplate": false,
    "count": 0,
    "updated": 0
  },
  {
    "id": "8e270488-b1f0-43b4-a4f9-29eebe7287b6",
    "data": [
      {
        "text": "nothing just forget it",
        "userDefined": false
      }
    ],
    "isTemplate": false,
    "count": 0,
    "updated": 0
  },
  {
    "id": "15db01b3-bac2-455e-86e6-408ef75f76c0",
    "data": [
      {
        "text": "nevermind forget about it",
        "userDefined": false
      }
    ],
    "isTemplate": false,
    "count": 0,
    "updated": 0
  },
  {
    "id": "2ff1c70e-6881-4b72-a0ad-8051f628964d",
    "data": [
      {
        "text": "nervermind",
        "userDefined": false
      }
    ],
    "isTemplate": false,
    "count": 0,
    "updated": 0
  }
]