[
  {
    "id": "6cf8df2f-39cf-4c64-b0c3-c2b68911c3e7",
    "data": [
      {
        "text": "That was bad",
        "userDefined": false
      }
    ],
    "isTemplate": false,
    "count": 0,
    "updated": 0
  },
  {
    "id": "5be3cce2-6ad6-42c3-b00c-ccf0e0be2877",
    "data": [
      {
        "text": "that was dumb",
        "userDefined": false
      }
    ],
    "isTemplate": false,
    "count": 1,
    "updated": 0
  },
  {
    "id": "78a0d81c-a721-41ea-a935-c89ac456a9a7",
    "data": [
      {
        "text": "i don\u0027t like that joke",
        "userDefined": false
      }
    ],
    "isTemplate": false,
    "count": 1,
    "updated": 0
  },
  {
    "id": "7d078355-2cf3-4706-b3bd-05912b29c6e2",
    "data": [
      {
        "text": "that wasn\u0027t even a little bit funny",
        "userDefined": false
      }
    ],
    "isTemplate": false,
    "count": 0,
    "updated": 0
  },
  {
    "id": "97a487e8-80f9-4aca-8f84-b870fecc9887",
    "data": [
      {
        "text": "that\u0027s not funny",
        "userDefined": false
      }
    ],
    "isTemplate": false,
    "count": 0,
    "updated": 0
  },
  {
    "id": "ec133f83-3fe3-45a3-aa6b-1fe972f792c2",
    "data": [
      {
        "text": "that was terrible",
        "userDefined": false
      }
    ],
    "isTemplate": false,
    "count": 0,
    "updated": 0
  },
  {
    "id": "249d691b-8ce3-4b3b-a03d-e0af2f13aac5",
    "data": [
      {
        "text": "that was bad",
        "userDefined": false
      }
    ],
    "isTemplate": false,
    "count": 0,
    "updated": 0
  },
  {
    "id": "fa9a8e8b-b32f-46cf-9586-07be8c39404c",
    "data": [
      {
        "text": "that was awful",
        "userDefined": false
      }
    ],
    "isTemplate": false,
    "count": 0,
    "updated": 0
  },
  {
    "id": "dd6d4b93-2ff9-47f2-8728-ad1facced96f",
    "data": [
      {
        "text": "awful joke",
        "userDefined": false
      }
    ],
    "isTemplate": false,
    "count": 0,
    "updated": 0
  },
  {
    "id": "1add09bd-7b6e-4873-b622-287c1e446732",
    "data": [
      {
        "text": "horrible joke",
        "userDefined": false
      }
    ],
    "isTemplate": false,
    "count": 0,
    "updated": 0
  },
  {
    "id": "a7f7e315-eadb-4329-b620-85a23da70552",
    "data": [
      {
        "text": "terrible joke",
        "userDefined": false
      }
    ],
    "isTemplate": false,
    "count": 0,
    "updated": 0
  },
  {
    "id": "1537813e-096c-4dd1-93ff-1df8d5a19d15",
    "data": [
      {
        "text": "what a lame joke",
        "userDefined": false
      }
    ],
    "isTemplate": false,
    "count": 0,
    "updated": 0
  },
  {
    "id": "8edde7d6-6b89-4a3c-97ee-5b95ad47a555",
    "data": [
      {
        "text": "that\u0027s lame",
        "userDefined": false
      }
    ],
    "isTemplate": false,
    "count": 0,
    "updated": 0
  },
  {
    "id": "8ed054f9-797d-4c32-98be-46e79642fe5f",
    "data": [
      {
        "text": "that didn\u0027t make me laugh",
        "userDefined": false
      }
    ],
    "isTemplate": false,
    "count": 0,
    "updated": 0
  },
  {
    "id": "131b29e2-83ba-4853-a7a6-64ce3fb3968c",
    "data": [
      {
        "text": "that joke is not funny",
        "userDefined": false
      }
    ],
    "isTemplate": false,
    "count": 0,
    "updated": 0
  },
  {
    "id": "b3b482e7-b50c-49ca-8d2c-384c56a7ec82",
    "data": [
      {
        "text": "that joke is stupid",
        "userDefined": false
      }
    ],
    "isTemplate": false,
    "count": 0,
    "updated": 0
  },
  {
    "id": "cbb6e4c9-276e-4246-968b-0b8a3ae4b17d",
    "data": [
      {
        "text": "that joke is idiotic",
        "userDefined": false
      }
    ],
    "isTemplate": false,
    "count": 0,
    "updated": 0
  },
  {
    "id": "7b3c0f67-5044-4b00-9c81-f664bf039515",
    "data": [
      {
        "text": "that joke is dumb",
        "userDefined": false
      }
    ],
    "isTemplate": false,
    "count": 0,
    "updated": 0
  },
  {
    "id": "6e47656d-dfec-4871-9683-f5da075d31a1",
    "data": [
      {
        "text": "that joke is bad",
        "userDefined": false
      }
    ],
    "isTemplate": false,
    "count": 0,
    "updated": 0
  },
  {
    "id": "cf0aa637-32d8-41be-9ae5-6b2e4e3da17b",
    "data": [
      {
        "text": "that joke is terrible",
        "userDefined": false
      }
    ],
    "isTemplate": false,
    "count": 0,
    "updated": 0
  },
  {
    "id": "b5f0950b-6f9c-415b-a016-adba8c2fd5d2",
    "data": [
      {
        "text": "that\u0027s terrible joke",
        "userDefined": false
      }
    ],
    "isTemplate": false,
    "count": 0,
    "updated": 0
  },
  {
    "id": "e4263de7-0563-44a2-8d51-72681758f947",
    "data": [
      {
        "text": "that wasn\u0027t funny",
        "userDefined": false
      }
    ],
    "isTemplate": false,
    "count": 2,
    "updated": 0
  },
  {
    "id": "9e528026-dc7d-44f6-b783-6faaf165c578",
    "data": [
      {
        "text": "what a bad joke",
        "userDefined": false
      }
    ],
    "isTemplate": false,
    "count": 0,
    "updated": 0
  },
  {
    "id": "06457263-cf5f-47ec-a75a-f9a49331ef5f",
    "data": [
      {
        "text": "i don\u0027t like that",
        "userDefined": false
      }
    ],
    "isTemplate": false,
    "count": 0,
    "updated": 0
  },
  {
    "id": "bbc8b266-cf67-48a8-936c-6673283cbab7",
    "data": [
      {
        "text": "stupid joke",
        "userDefined": false
      }
    ],
    "isTemplate": false,
    "count": 0,
    "updated": 0
  },
  {
    "id": "1154d30b-9e1d-4499-904e-c437d8afd786",
    "data": [
      {
        "text": "bad joke",
        "userDefined": false
      }
    ],
    "isTemplate": false,
    "count": 0,
    "updated": 0
  },
  {
    "id": "42f89688-6249-4e7e-a536-dedd1e5e6bab",
    "data": [
      {
        "text": "i have that joke",
        "userDefined": false
      }
    ],
    "isTemplate": false,
    "count": 0,
    "updated": 0
  },
  {
    "id": "a621fc67-cd97-4c65-9507-cd98714010de",
    "data": [
      {
        "text": "that\u0027s a stupid joke",
        "userDefined": false
      }
    ],
    "isTemplate": false,
    "count": 0,
    "updated": 0
  },
  {
    "id": "9ce40851-6c35-42d2-96d7-f0bfb3540e0e",
    "data": [
      {
        "text": "that is a dumb joke",
        "userDefined": false
      }
    ],
    "isTemplate": false,
    "count": 0,
    "updated": 0
  },
  {
    "id": "3127191f-cf20-46be-a8ad-aea4170f098d",
    "data": [
      {
        "text": "dumb joke",
        "userDefined": false
      }
    ],
    "isTemplate": false,
    "count": 0,
    "updated": 0
  },
  {
    "id": "28ee3024-f141-4a80-bd87-9a71b4d9dc95",
    "data": [
      {
        "text": "that\u0027s dumb",
        "userDefined": false
      }
    ],
    "isTemplate": false,
    "count": 0,
    "updated": 0
  },
  {
    "id": "fe78c423-e3e6-4250-b47a-cc6cdc2090e5",
    "data": [
      {
        "text": "i didn\u0027t like",
        "userDefined": false
      }
    ],
    "isTemplate": false,
    "count": 0,
    "updated": 0
  },
  {
    "id": "af149527-12c9-4224-a937-c1414f26ec50",
    "data": [
      {
        "text": "i did not like that",
        "userDefined": false
      }
    ],
    "isTemplate": false,
    "count": 0,
    "updated": 0
  },
  {
    "id": "54189619-3369-47e4-b35a-9eb5e90bf535",
    "data": [
      {
        "text": "boring joke",
        "userDefined": false
      }
    ],
    "isTemplate": false,
    "count": 0,
    "updated": 0
  },
  {
    "id": "e8b045a7-8890-44cb-ad78-6da7e59943b2",
    "data": [
      {
        "text": "not funny",
        "userDefined": false
      }
    ],
    "isTemplate": false,
    "count": 1,
    "updated": 0
  }
]