[
  {
    "id": "f08bad77-5c36-458e-ae91-a31c08bbb439",
    "data": [
      {
        "text": "tell a knock knock joke",
        "userDefined": false
      }
    ],
    "isTemplate": false,
    "count": 1,
    "updated": 0
  },
  {
    "id": "07350184-1b36-4251-b558-339f668d084d",
    "data": [
      {
        "text": "knock knock joke",
        "userDefined": false
      }
    ],
    "isTemplate": false,
    "count": 2,
    "updated": 0
  },
  {
    "id": "bdfdbbae-328f-4c8d-9517-98bc49625471",
    "data": [
      {
        "text": "can i have a knock knock joke",
        "userDefined": false
      }
    ],
    "isTemplate": false,
    "count": 0,
    "updated": 0
  },
  {
    "id": "0849de11-53e0-47d3-aa0c-bae8d778d2d7",
    "data": [
      {
        "text": "another knock knock joke",
        "userDefined": false
      }
    ],
    "isTemplate": false,
    "count": 0,
    "updated": 0
  },
  {
    "id": "3a15f180-5e60-4796-889b-25a5516b1090",
    "data": [
      {
        "text": "wanna knock knock joke",
        "userDefined": false
      }
    ],
    "isTemplate": false,
    "count": 0,
    "updated": 0
  },
  {
    "id": "2afedc78-c6f0-4b46-ba47-b577672bdc7b",
    "data": [
      {
        "text": "say knock knock",
        "userDefined": false
      }
    ],
    "isTemplate": false,
    "count": 0,
    "updated": 0
  },
  {
    "id": "6e549387-8070-42cf-8b34-7098cb943540",
    "data": [
      {
        "text": "want a knock knock joke",
        "userDefined": false
      }
    ],
    "isTemplate": false,
    "count": 0,
    "updated": 0
  },
  {
    "id": "4753cf87-ad3a-4e0b-b04b-1650759b8d2f",
    "data": [
      {
        "text": "I want to hear a knock knock joke",
        "userDefined": false
      }
    ],
    "isTemplate": false,
    "count": 0,
    "updated": 0
  }
]