[
  {
    "id": "a43f1d02-78f2-4129-b53e-45b5c7a842ed",
    "data": [
      {
        "text": "Hi Granny ☺",
        "userDefined": false
      }
    ],
    "isTemplate": false,
    "count": 1,
    "updated": 0
  },
  {
    "id": "1c067417-2cb0-4be5-ba85-6b0a533a86d4",
    "data": [
      {
        "text": "hello",
        "userDefined": false
      }
    ],
    "isTemplate": false,
    "count": 1,
    "updated": 0
  },
  {
    "id": "ee447ca6-5bd9-4386-9271-ad9b233a0286",
    "data": [
      {
        "text": "hi",
        "userDefined": false
      }
    ],
    "isTemplate": false,
    "count": 1,
    "updated": 0
  },
  {
    "id": "096cc210-3461-4d7d-93f8-60fb5087c8a2",
    "data": [
      {
        "text": "yoy",
        "userDefined": false
      }
    ],
    "isTemplate": false,
    "count": 0,
    "updated": 0
  },
  {
    "id": "bcc0e0e4-51f2-4ace-9258-ee62380a1b1e",
    "data": [
      {
        "text": "Hi!",
        "userDefined": false
      }
    ],
    "isTemplate": false,
    "count": 1,
    "updated": 0
  },
  {
    "id": "d07fdf00-5f6a-4cb4-b516-e5f17ce4bff7",
    "data": [
      {
        "text": "Hello granny",
        "userDefined": false
      }
    ],
    "isTemplate": false,
    "count": 1,
    "updated": 0
  },
  {
    "id": "3a6f8d97-ebfe-4b9c-baab-63d26c356721",
    "data": [
      {
        "text": "Hello Granny",
        "userDefined": false
      }
    ],
    "isTemplate": false,
    "count": 0,
    "updated": 0
  },
  {
    "id": "87ab3b18-8f7a-4fcb-ba8f-a63c455d7ba9",
    "data": [
      {
        "text": "Hello",
        "userDefined": false
      }
    ],
    "isTemplate": false,
    "count": 1,
    "updated": 0
  },
  {
    "id": "3caf4483-d1a0-4b07-8be7-ef934c3ed75b",
    "data": [
      {
        "text": "good day!",
        "userDefined": false
      }
    ],
    "isTemplate": false,
    "count": 0,
    "updated": 0
  },
  {
    "id": "666cf8cb-1768-4f23-8758-35d6b256dbb8",
    "data": [
      {
        "text": "Hello!",
        "userDefined": false
      }
    ],
    "isTemplate": false,
    "count": 1,
    "updated": 0
  },
  {
    "id": "6ea1d93c-365e-4ea8-84dc-24c0fbed20ce",
    "data": [
      {
        "text": "moi granny",
        "userDefined": false
      }
    ],
    "isTemplate": false,
    "count": 0,
    "updated": 0
  },
  {
    "id": "0bca0e2e-a42d-4cda-bb38-86c09a84064c",
    "data": [
      {
        "text": "Hi Granny",
        "userDefined": false
      }
    ],
    "isTemplate": false,
    "count": 1,
    "updated": 0
  },
  {
    "id": "b9d30b99-72e2-4e3d-9f66-152f305f402b",
    "data": [
      {
        "text": "hola",
        "userDefined": false
      }
    ],
    "isTemplate": false,
    "count": 1,
    "updated": 0
  },
  {
    "id": "53e7896a-780f-4fb5-bd45-923743d8c572",
    "data": [
      {
        "text": "Moi",
        "userDefined": false
      }
    ],
    "isTemplate": false,
    "count": 1,
    "updated": 0
  },
  {
    "id": "94adc7f3-2b57-4235-80b2-af9da00c58dc",
    "data": [
      {
        "text": "hello¨",
        "userDefined": false
      }
    ],
    "isTemplate": false,
    "count": 0,
    "updated": 0
  },
  {
    "id": "b78659d5-fac7-4e31-9b59-7114ce8953bd",
    "data": [
      {
        "text": "Hi",
        "userDefined": false
      }
    ],
    "isTemplate": false,
    "count": 1,
    "updated": 0
  },
  {
    "id": "7e30264e-7230-4cef-8c2d-bead8149b445",
    "data": [
      {
        "text": "Hi granny",
        "userDefined": false
      }
    ],
    "isTemplate": false,
    "count": 0,
    "updated": 0
  },
  {
    "id": "42f3e6ab-a6d6-4d13-802e-19e89583cffe",
    "data": [
      {
        "text": "Hi Granny!",
        "userDefined": false
      }
    ],
    "isTemplate": false,
    "count": 0,
    "updated": 0
  },
  {
    "id": "fa509210-bffb-4a6d-9c78-ad3a9419eb5e",
    "data": [
      {
        "text": "hello granny!",
        "userDefined": false
      }
    ],
    "isTemplate": false,
    "count": 0,
    "updated": 0
  },
  {
    "id": "680fb42a-8d55-44ad-8968-9884fb518496",
    "data": [
      {
        "text": "Hi granny!",
        "userDefined": false
      }
    ],
    "isTemplate": false,
    "count": 0,
    "updated": 0
  },
  {
    "id": "893d498d-184f-42f3-b0aa-c1107e7916b9",
    "data": [
      {
        "text": "hey",
        "userDefined": false
      }
    ],
    "isTemplate": false,
    "count": 1,
    "updated": 0
  },
  {
    "id": "a4629a6e-fbcf-4987-b290-27d14dad4a4a",
    "data": [
      {
        "text": "hei dear",
        "userDefined": false
      }
    ],
    "isTemplate": false,
    "count": 0,
    "updated": 0
  },
  {
    "id": "baa386d2-c6d6-4c28-8e0f-de3515b0aa44",
    "data": [
      {
        "text": "Hello :slightly_smiling_face:",
        "userDefined": false
      }
    ],
    "isTemplate": false,
    "count": 0,
    "updated": 0
  },
  {
    "id": "0af0f8bb-8dae-4e0f-92a2-f118e31a27c8",
    "data": [
      {
        "text": "hola!",
        "userDefined": false
      }
    ],
    "isTemplate": false,
    "count": 1,
    "updated": 0
  },
  {
    "id": "e483ee5e-c528-4d8f-a4f4-358d72cd6c35",
    "data": [
      {
        "text": "hei",
        "userDefined": false
      }
    ],
    "isTemplate": false,
    "count": 1,
    "updated": 0
  },
  {
    "id": "929d5fed-8cdd-4752-a319-cfc96b37207c",
    "data": [
      {
        "text": "hejsan",
        "userDefined": false
      }
    ],
    "isTemplate": false,
    "count": 1,
    "updated": 0
  },
  {
    "id": "9a51a329-bfc0-4e7e-8145-693901977223",
    "data": [
      {
        "text": "terse!",
        "userDefined": false
      }
    ],
    "isTemplate": false,
    "count": 1,
    "updated": 0
  },
  {
    "id": "1f0dc5df-1dc0-4580-b13f-72ed914842d0",
    "data": [
      {
        "text": "terve!",
        "userDefined": false
      }
    ],
    "isTemplate": false,
    "count": 1,
    "updated": 0
  },
  {
    "id": "44df4d2b-f19c-4f2b-87bb-9880d075fbb5",
    "data": [
      {
        "text": "moro!",
        "userDefined": false
      }
    ],
    "isTemplate": false,
    "count": 1,
    "updated": 0
  },
  {
    "id": "b33f7dab-56d8-4847-a313-5f3666041389",
    "data": [
      {
        "text": "morjes!",
        "userDefined": false
      }
    ],
    "isTemplate": false,
    "count": 1,
    "updated": 0
  },
  {
    "id": "0a3c52f7-3404-4b02-ac24-b9dd0601396d",
    "data": [
      {
        "text": "morjenttes!",
        "userDefined": false
      }
    ],
    "isTemplate": false,
    "count": 1,
    "updated": 0
  },
  {
    "id": "1e11ceed-3f83-4935-98ba-69a119fe918d",
    "data": [
      {
        "text": "hello alligator!",
        "userDefined": false
      }
    ],
    "isTemplate": false,
    "count": 1,
    "updated": 0
  },
  {
    "id": "d22be7fa-11db-40b5-8e5d-6c875254049c",
    "data": [
      {
        "text": "Howdy!",
        "userDefined": false
      }
    ],
    "isTemplate": false,
    "count": 1,
    "updated": 0
  },
  {
    "id": "ba855984-7da3-439a-8a68-d1d187dac8cd",
    "data": [
      {
        "text": "buenas tardes",
        "userDefined": false
      }
    ],
    "isTemplate": false,
    "count": 1,
    "updated": 0
  },
  {
    "id": "045da295-3c6f-43de-92d0-20ae5a6a756c",
    "data": [
      {
        "text": "heloo",
        "userDefined": false
      }
    ],
    "isTemplate": false,
    "count": 1,
    "updated": 0
  },
  {
    "id": "f3f6efc6-b1c4-47e2-ab2c-c3bc110a6dd7",
    "data": [
      {
        "text": "Moi!",
        "userDefined": false
      }
    ],
    "isTemplate": false,
    "count": 3,
    "updated": 0
  },
  {
    "id": "63d9ae29-bb34-4c93-8923-de3d32ea40df",
    "data": [
      {
        "text": "Moro!",
        "userDefined": false
      }
    ],
    "isTemplate": false,
    "count": 1,
    "updated": 0
  },
  {
    "id": "234c9039-f03d-44ec-852b-37a65f43fe02",
    "data": [
      {
        "text": "heyy",
        "userDefined": false
      }
    ],
    "isTemplate": false,
    "count": 0,
    "updated": 0
  },
  {
    "id": "2a15ea0a-c60a-411a-a6db-5e7595797aab",
    "data": [
      {
        "text": "Hey!",
        "userDefined": false
      }
    ],
    "isTemplate": false,
    "count": 1,
    "updated": 0
  },
  {
    "id": "22dd314f-191c-4727-b947-4216940b2c79",
    "data": [
      {
        "text": "Hey Granny!",
        "userDefined": false
      }
    ],
    "isTemplate": false,
    "count": 0,
    "updated": 0
  },
  {
    "id": "afe4cdf2-d81d-47de-a2bd-ecce9e9578aa",
    "data": [
      {
        "text": "no morjes",
        "userDefined": false
      }
    ],
    "isTemplate": false,
    "count": 0,
    "updated": 0
  },
  {
    "id": "c74ca213-b0a8-4791-99b8-a7a09a216f13",
    "data": [
      {
        "text": "moro",
        "userDefined": false
      }
    ],
    "isTemplate": false,
    "count": 1,
    "updated": 0
  },
  {
    "id": "59d7e0f3-4279-41b9-bd42-743b33adb0d2",
    "data": [
      {
        "text": "moi!",
        "userDefined": false
      }
    ],
    "isTemplate": false,
    "count": 0,
    "updated": 0
  },
  {
    "id": "c2b39069-9ccf-494c-a024-d9a30132a0a6",
    "data": [
      {
        "text": "morooo",
        "userDefined": false
      }
    ],
    "isTemplate": false,
    "count": 0,
    "updated": 0
  },
  {
    "id": "791bee13-9a40-4195-8a52-1f004d053d0c",
    "data": [
      {
        "text": "heyyyyy",
        "userDefined": false
      }
    ],
    "isTemplate": false,
    "count": 0,
    "updated": 0
  },
  {
    "id": "44735502-071b-46da-a184-4657a3bae156",
    "data": [
      {
        "text": "helloooo",
        "userDefined": false
      }
    ],
    "isTemplate": false,
    "count": 0,
    "updated": 0
  },
  {
    "id": "c63015f9-30eb-4031-91c7-e874efe297d2",
    "data": [
      {
        "text": "gellooooo",
        "userDefined": false
      }
    ],
    "isTemplate": false,
    "count": 0,
    "updated": 0
  },
  {
    "id": "d793626c-afb3-46a8-91f0-c9b008977a64",
    "data": [
      {
        "text": "hellllooooooo",
        "userDefined": false
      }
    ],
    "isTemplate": false,
    "count": 0,
    "updated": 0
  },
  {
    "id": "d41e048a-bfcc-4655-bd75-d242a6ccdcf3",
    "data": [
      {
        "text": "hey granny",
        "userDefined": false
      }
    ],
    "isTemplate": false,
    "count": 0,
    "updated": 0
  },
  {
    "id": "47e90caf-f260-4308-8366-d857c2d87533",
    "data": [
      {
        "text": "heyyyyyy",
        "userDefined": false
      }
    ],
    "isTemplate": false,
    "count": 0,
    "updated": 0
  },
  {
    "id": "abd57301-1cd7-46a9-84ec-65e7216a510a",
    "data": [
      {
        "text": "Heeyyyy",
        "userDefined": false
      }
    ],
    "isTemplate": false,
    "count": 0,
    "updated": 0
  },
  {
    "id": "4b92e469-0bf1-438c-9ef6-d5c90cc557bf",
    "data": [
      {
        "text": "Hey granny",
        "userDefined": false
      }
    ],
    "isTemplate": false,
    "count": 0,
    "updated": 0
  },
  {
    "id": "a958a52e-e831-45d5-93c2-785d51f9c506",
    "data": [
      {
        "text": "hello granny",
        "userDefined": false
      }
    ],
    "isTemplate": false,
    "count": 0,
    "updated": 0
  },
  {
    "id": "c3806719-a3b1-44be-9c04-f96cf81728e9",
    "data": [
      {
        "text": "Hey granny!",
        "userDefined": false
      }
    ],
    "isTemplate": false,
    "count": 0,
    "updated": 0
  },
  {
    "id": "3918b0dc-f0d7-4e4d-ac4a-6743040e1580",
    "data": [
      {
        "text": "buenas",
        "userDefined": false
      }
    ],
    "isTemplate": false,
    "count": 0,
    "updated": 0
  },
  {
    "id": "0a37d728-e508-4962-a4bd-8d0860d534d6",
    "data": [
      {
        "text": "a good day",
        "userDefined": false
      }
    ],
    "isTemplate": false,
    "count": 0,
    "updated": 0
  },
  {
    "id": "f7444492-fc27-4cc5-8c1d-1ebf96975687",
    "data": [
      {
        "text": "Adaab arz hai",
        "userDefined": false
      }
    ],
    "isTemplate": false,
    "count": 0,
    "updated": 0
  },
  {
    "id": "5f3c8d0d-2ef5-4c14-a619-ad48ba283f84",
    "data": [
      {
        "text": "afternoon",
        "userDefined": false
      }
    ],
    "isTemplate": false,
    "count": 0,
    "updated": 0
  },
  {
    "id": "6dcc7c23-a055-4426-bf5f-f7cb3086a3f3",
    "data": [
      {
        "text": "Ahlan",
        "userDefined": false
      }
    ],
    "isTemplate": false,
    "count": 0,
    "updated": 0
  },
  {
    "id": "4e618f7b-846f-4ec8-89a8-787ff70a025d",
    "data": [
      {
        "text": "Ahlan bik",
        "userDefined": false
      }
    ],
    "isTemplate": false,
    "count": 0,
    "updated": 0
  },
  {
    "id": "b58b7eb2-cb5f-43f4-8922-278e20bcd311",
    "data": [
      {
        "text": "Annyeonghaseyo",
        "userDefined": false
      }
    ],
    "isTemplate": false,
    "count": 0,
    "updated": 0
  },
  {
    "id": "6ed181df-a43e-4382-948d-f4fdb4e6d7f4",
    "data": [
      {
        "text": "Anyoung",
        "userDefined": false
      }
    ],
    "isTemplate": false,
    "count": 0,
    "updated": 0
  },
  {
    "id": "3537d394-b2fb-4350-a5f3-5ddd31467acd",
    "data": [
      {
        "text": "Anyoung haseyo",
        "userDefined": false
      }
    ],
    "isTemplate": false,
    "count": 0,
    "updated": 0
  },
  {
    "id": "9e053f4b-861c-4c0a-84d1-38d40145c419",
    "data": [
      {
        "text": "Asalaam alaikum",
        "userDefined": false
      }
    ],
    "isTemplate": false,
    "count": 0,
    "updated": 0
  },
  {
    "id": "c704f9ab-4087-4cb8-b3cb-29eab77c0f6f",
    "data": [
      {
        "text": "Ave",
        "userDefined": false
      }
    ],
    "isTemplate": false,
    "count": 0,
    "updated": 0
  },
  {
    "id": "af71f064-f9ee-4ed2-9678-7ed6c41b185f",
    "data": [
      {
        "text": "ay granny",
        "userDefined": false
      }
    ],
    "isTemplate": false,
    "count": 0,
    "updated": 0
  },
  {
    "id": "b081fcfc-60ea-45a1-85bc-742dac710aa1",
    "data": [
      {
        "text": "ay mate",
        "userDefined": false
      }
    ],
    "isTemplate": false,
    "count": 0,
    "updated": 0
  },
  {
    "id": "b69433e6-6aee-49d0-86c9-5a31a3d87688",
    "data": [
      {
        "text": "Bonjour",
        "userDefined": false
      }
    ],
    "isTemplate": false,
    "count": 0,
    "updated": 0
  },
  {
    "id": "12902927-7f6f-4ef9-8971-c5d88412fd0f",
    "data": [
      {
        "text": "Buongiorno",
        "userDefined": false
      }
    ],
    "isTemplate": false,
    "count": 0,
    "updated": 0
  },
  {
    "id": "2b52f289-0fae-4383-b8f1-83173c0a0ee4",
    "data": [
      {
        "text": "ćao",
        "userDefined": false
      }
    ],
    "isTemplate": false,
    "count": 0,
    "updated": 0
  },
  {
    "id": "690bd9f4-59ce-4837-9380-60c1753c3c87",
    "data": [
      {
        "text": "Chào",
        "userDefined": false
      }
    ],
    "isTemplate": false,
    "count": 0,
    "updated": 0
  },
  {
    "id": "0718e8f0-9cee-4ba0-a06e-91e122d6db50",
    "data": [
      {
        "text": "Ciao",
        "userDefined": false
      }
    ],
    "isTemplate": false,
    "count": 0,
    "updated": 0
  },
  {
    "id": "883047f2-c77e-4d1f-b4ce-b413e8167646",
    "data": [
      {
        "text": "Dia is muire dhuit",
        "userDefined": false
      }
    ],
    "isTemplate": false,
    "count": 0,
    "updated": 0
  },
  {
    "id": "96d71f26-f096-4dfa-acf6-ea3341753a6d",
    "data": [
      {
        "text": "Es mīlu tevi",
        "userDefined": false
      }
    ],
    "isTemplate": false,
    "count": 0,
    "updated": 0
  },
  {
    "id": "40615358-9ff4-4fd3-bd25-215432e81f6d",
    "data": [
      {
        "text": "g\u0027day",
        "userDefined": false
      }
    ],
    "isTemplate": false,
    "count": 0,
    "updated": 0
  },
  {
    "id": "b96043a3-5d7d-41c9-81e9-9bdd26b8b5b8",
    "data": [
      {
        "text": "Geia",
        "userDefined": false
      }
    ],
    "isTemplate": false,
    "count": 0,
    "updated": 0
  },
  {
    "id": "0d5ffbde-fc9e-492e-95cf-afa916c2e7b2",
    "data": [
      {
        "text": "Goeie dag",
        "userDefined": false
      }
    ],
    "isTemplate": false,
    "count": 0,
    "updated": 0
  },
  {
    "id": "c3f4043a-7a54-4129-9ca7-9d81bfc8d697",
    "data": [
      {
        "text": "Good morning",
        "userDefined": false
      }
    ],
    "isTemplate": false,
    "count": 0,
    "updated": 0
  },
  {
    "id": "48872ac9-fdbf-4426-a8af-7b97939e8324",
    "data": [
      {
        "text": "greetings",
        "userDefined": false
      }
    ],
    "isTemplate": false,
    "count": 0,
    "updated": 0
  },
  {
    "id": "d8b80453-265e-40ea-ab93-f26cbee732d3",
    "data": [
      {
        "text": "Guten Tag",
        "userDefined": false
      }
    ],
    "isTemplate": false,
    "count": 0,
    "updated": 0
  },
  {
    "id": "007d3809-e64e-4caa-8cb3-5fb3614ab4bb",
    "data": [
      {
        "text": "Hai",
        "userDefined": false
      }
    ],
    "isTemplate": false,
    "count": 0,
    "updated": 0
  },
  {
    "id": "ae625a61-2906-4ddd-aca4-c070dc6b19e5",
    "data": [
      {
        "text": "Hallo",
        "userDefined": false
      }
    ],
    "isTemplate": false,
    "count": 0,
    "updated": 0
  },
  {
    "id": "721d0063-6c9c-46b4-8fc3-4d50e6581a15",
    "data": [
      {
        "text": "Halo",
        "userDefined": false
      }
    ],
    "isTemplate": false,
    "count": 0,
    "updated": 0
  },
  {
    "id": "e2becfc6-faf4-4d28-aafe-c605aaf83572",
    "data": [
      {
        "text": "Hei",
        "userDefined": false
      }
    ],
    "isTemplate": false,
    "count": 0,
    "updated": 0
  },
  {
    "id": "dea1ad3f-1d28-4168-bfa9-adee9481292d",
    "data": [
      {
        "text": "heipsan",
        "userDefined": false
      }
    ],
    "isTemplate": false,
    "count": 0,
    "updated": 0
  },
  {
    "id": "3d9b62b2-88a1-46ca-8c89-55483ddb2b0e",
    "data": [
      {
        "text": "heissan",
        "userDefined": false
      }
    ],
    "isTemplate": false,
    "count": 0,
    "updated": 0
  },
  {
    "id": "4a020796-003e-4c5b-b687-ed9c663bb501",
    "data": [
      {
        "text": "Hej",
        "userDefined": false
      }
    ],
    "isTemplate": false,
    "count": 0,
    "updated": 0
  },
  {
    "id": "6d53bbad-a9b0-44b9-a8a7-49c92f744714",
    "data": [
      {
        "text": "Hej på dig",
        "userDefined": false
      }
    ],
    "isTemplate": false,
    "count": 0,
    "updated": 0
  },
  {
    "id": "9e6bb7fb-7230-41d2-b318-45c54d7ebfc2",
    "data": [
      {
        "text": "hello again",
        "userDefined": false
      }
    ],
    "isTemplate": false,
    "count": 0,
    "updated": 0
  },
  {
    "id": "41ae33f5-2fe7-4106-b216-3b19ee8a0701",
    "data": [
      {
        "text": "hello grandma",
        "userDefined": false
      }
    ],
    "isTemplate": false,
    "count": 0,
    "updated": 0
  },
  {
    "id": "b2b88917-185d-4e11-b987-f8be8d5e7442",
    "data": [
      {
        "text": "hello hi",
        "userDefined": false
      }
    ],
    "isTemplate": false,
    "count": 0,
    "updated": 0
  },
  {
    "id": "0cb9eeda-f1f1-4e99-b968-7c0c473dc3ee",
    "data": [
      {
        "text": "hello there",
        "userDefined": false
      }
    ],
    "isTemplate": false,
    "count": 0,
    "updated": 0
  },
  {
    "id": "fc3a66f3-ee72-414d-8b60-64c6a986de99",
    "data": [
      {
        "text": "hellurei",
        "userDefined": false
      }
    ],
    "isTemplate": false,
    "count": 0,
    "updated": 0
  },
  {
    "id": "7674e1d8-13fb-4364-a4f5-05e36d33f882",
    "data": [
      {
        "text": "hellurei ja hellät tunteet",
        "userDefined": false
      }
    ],
    "isTemplate": false,
    "count": 0,
    "updated": 0
  },
  {
    "id": "46914917-74fc-4d68-9ce0-a56643632a1b",
    "data": [
      {
        "text": "Helo",
        "userDefined": false
      }
    ],
    "isTemplate": false,
    "count": 0,
    "updated": 0
  },
  {
    "id": "7e306a11-a120-4d2f-a434-43d2dd0c281b",
    "data": [
      {
        "text": "Hey Granny",
        "userDefined": false
      }
    ],
    "isTemplate": false,
    "count": 0,
    "updated": 0
  },
  {
    "id": "66881216-d076-4ca8-ae42-70bd58b0cb60",
    "data": [
      {
        "text": "hey there",
        "userDefined": false
      }
    ],
    "isTemplate": false,
    "count": 0,
    "updated": 0
  },
  {
    "id": "31281a75-d23f-45a0-93df-455fff639ae0",
    "data": [
      {
        "text": "heya",
        "userDefined": false
      }
    ],
    "isTemplate": false,
    "count": 1,
    "updated": 0
  },
  {
    "id": "817413bf-30fc-4b02-b137-683b1c38c12d",
    "data": [
      {
        "text": "hi there",
        "userDefined": false
      }
    ],
    "isTemplate": false,
    "count": 0,
    "updated": 0
  },
  {
    "id": "398494ab-cedb-414a-9aab-0af0c1a20a95",
    "data": [
      {
        "text": "howdy",
        "userDefined": false
      }
    ],
    "isTemplate": false,
    "count": 0,
    "updated": 0
  },
  {
    "id": "5f9c15a0-73aa-4c78-bf5c-50c28ae12aec",
    "data": [
      {
        "text": "I greet you",
        "userDefined": false
      }
    ],
    "isTemplate": false,
    "count": 0,
    "updated": 0
  },
  {
    "id": "af11b3c1-c12b-49d5-90ea-2d901cd79291",
    "data": [
      {
        "text": "Jambo",
        "userDefined": false
      }
    ],
    "isTemplate": false,
    "count": 0,
    "updated": 0
  },
  {
    "id": "9a5b8931-b9e7-4731-820a-bd4b749692fb",
    "data": [
      {
        "text": "just going to say hi",
        "userDefined": false
      }
    ],
    "isTemplate": false,
    "count": 0,
    "updated": 0
  },
  {
    "id": "7dd21f33-f059-4cf6-a384-42dbaa387b2c",
    "data": [
      {
        "text": "Kiana",
        "userDefined": false
      }
    ],
    "isTemplate": false,
    "count": 0,
    "updated": 0
  },
  {
    "id": "27171191-926e-4ed8-95eb-d13c9cc91de5",
    "data": [
      {
        "text": "Kónnichi wa",
        "userDefined": false
      }
    ],
    "isTemplate": false,
    "count": 0,
    "updated": 0
  },
  {
    "id": "b34ba164-b8f1-49bd-8c87-5f50eb90ed63",
    "data": [
      {
        "text": "Konnichiwa",
        "userDefined": false
      }
    ],
    "isTemplate": false,
    "count": 0,
    "updated": 0
  },
  {
    "id": "684ea29b-241d-4267-b73b-86b4d10e0706",
    "data": [
      {
        "text": "Merhaba",
        "userDefined": false
      }
    ],
    "isTemplate": false,
    "count": 0,
    "updated": 0
  },
  {
    "id": "7a4f8715-7502-4505-8ba5-44b972b96a9d",
    "data": [
      {
        "text": "Mingala ba",
        "userDefined": false
      }
    ],
    "isTemplate": false,
    "count": 0,
    "updated": 0
  },
  {
    "id": "fc6a9ab9-5b9d-4ab5-a9cb-258bc801316e",
    "data": [
      {
        "text": "moi",
        "userDefined": false
      }
    ],
    "isTemplate": false,
    "count": 0,
    "updated": 0
  },
  {
    "id": "1440c46b-2602-4292-9715-7429baf562e4",
    "data": [
      {
        "text": "moikkelis",
        "userDefined": false
      }
    ],
    "isTemplate": false,
    "count": 0,
    "updated": 0
  },
  {
    "id": "64934c86-7056-424d-ad74-14dc72ab7584",
    "data": [
      {
        "text": "moikkis",
        "userDefined": false
      }
    ],
    "isTemplate": false,
    "count": 0,
    "updated": 0
  },
  {
    "id": "c9567c83-87dc-4b51-837a-cb97ce3d7306",
    "data": [
      {
        "text": "morjenttes",
        "userDefined": false
      }
    ],
    "isTemplate": false,
    "count": 0,
    "updated": 0
  },
  {
    "id": "2eac9b5e-a019-42eb-b1e7-b810e19ac206",
    "data": [
      {
        "text": "Morjes",
        "userDefined": false
      }
    ],
    "isTemplate": false,
    "count": 0,
    "updated": 0
  },
  {
    "id": "6690c0d8-0a94-437c-ba9c-9bff09c0cf42",
    "data": [
      {
        "text": "moro moro",
        "userDefined": false
      }
    ],
    "isTemplate": false,
    "count": 0,
    "updated": 0
  },
  {
    "id": "68e732d5-55fd-449d-b982-8823e6eb8695",
    "data": [
      {
        "text": "Namaste",
        "userDefined": false
      }
    ],
    "isTemplate": false,
    "count": 0,
    "updated": 0
  },
  {
    "id": "c59cc27f-efe6-4890-b80f-9771210167a6",
    "data": [
      {
        "text": "Nazdar",
        "userDefined": false
      }
    ],
    "isTemplate": false,
    "count": 1,
    "updated": 0
  },
  {
    "id": "eb25dc16-1b6a-4f9d-acdd-f2e5df2c2579",
    "data": [
      {
        "text": "Nǐ hǎo",
        "userDefined": false
      }
    ],
    "isTemplate": false,
    "count": 0,
    "updated": 0
  },
  {
    "id": "889814d7-8f01-4a44-977e-0fd75d4736e2",
    "data": [
      {
        "text": "Nín hao",
        "userDefined": false
      }
    ],
    "isTemplate": false,
    "count": 0,
    "updated": 0
  },
  {
    "id": "e05ab0be-f8c3-4a83-aa8b-92e0f7ef7690",
    "data": [
      {
        "text": "No morjenttes",
        "userDefined": false
      }
    ],
    "isTemplate": false,
    "count": 0,
    "updated": 0
  },
  {
    "id": "e2ddc59b-5157-4ebf-9691-cba0e365fe7f",
    "data": [
      {
        "text": "Nomoskar",
        "userDefined": false
      }
    ],
    "isTemplate": false,
    "count": 0,
    "updated": 0
  },
  {
    "id": "465805da-3452-4b3d-a98a-e6e440a091c5",
    "data": [
      {
        "text": "Olá",
        "userDefined": false
      }
    ],
    "isTemplate": false,
    "count": 0,
    "updated": 0
  },
  {
    "id": "e9d6fe50-a2fc-4fd0-8204-a54429a663e4",
    "data": [
      {
        "text": "Ola",
        "userDefined": false
      }
    ],
    "isTemplate": false,
    "count": 0,
    "updated": 0
  },
  {
    "id": "d132d961-634b-4841-9982-930558afe34b",
    "data": [
      {
        "text": "Privet",
        "userDefined": false
      }
    ],
    "isTemplate": false,
    "count": 0,
    "updated": 0
  },
  {
    "id": "6b231581-b96a-42d7-af91-d3d71a76c732",
    "data": [
      {
        "text": "Privét",
        "userDefined": false
      }
    ],
    "isTemplate": false,
    "count": 0,
    "updated": 0
  },
  {
    "id": "f98e5ceb-85a2-4f84-a0e6-1aa3b15125fc",
    "data": [
      {
        "text": "Pryvít",
        "userDefined": false
      }
    ],
    "isTemplate": false,
    "count": 0,
    "updated": 0
  },
  {
    "id": "ab7655b0-f923-49c1-9b6c-af68bb772371",
    "data": [
      {
        "text": "päevää",
        "userDefined": false
      }
    ],
    "isTemplate": false,
    "count": 0,
    "updated": 0
  },
  {
    "id": "545bd8bd-0b6d-4feb-8470-c4f436d12a4e",
    "data": [
      {
        "text": "päivää",
        "userDefined": false
      }
    ],
    "isTemplate": false,
    "count": 0,
    "updated": 0
  },
  {
    "id": "1dd9d620-76e6-4801-85fe-789a8bff9e62",
    "data": [
      {
        "text": "Sabai dii",
        "userDefined": false
      }
    ],
    "isTemplate": false,
    "count": 0,
    "updated": 0
  },
  {
    "id": "76a7278d-c7a3-4bfe-af24-d62c54856f92",
    "data": [
      {
        "text": "sain baina uu",
        "userDefined": false
      }
    ],
    "isTemplate": false,
    "count": 0,
    "updated": 0
  },
  {
    "id": "a33fc16b-433a-4cc8-b862-496816c6d86c",
    "data": [
      {
        "text": "Salâm",
        "userDefined": false
      }
    ],
    "isTemplate": false,
    "count": 0,
    "updated": 0
  },
  {
    "id": "6dfac78e-e5c5-4f07-9f86-200a7dc10f0f",
    "data": [
      {
        "text": "Salut",
        "userDefined": false
      }
    ],
    "isTemplate": false,
    "count": 0,
    "updated": 0
  },
  {
    "id": "3c133ebb-d483-4f5d-aa82-02eb4939c691",
    "data": [
      {
        "text": "Salve",
        "userDefined": false
      }
    ],
    "isTemplate": false,
    "count": 0,
    "updated": 0
  },
  {
    "id": "80ba1657-a211-4261-9e76-ac9e444f5928",
    "data": [
      {
        "text": "Sàwàtdee kráp",
        "userDefined": false
      }
    ],
    "isTemplate": false,
    "count": 0,
    "updated": 0
  },
  {
    "id": "e797362f-3841-41fe-bfc0-e94f44b66005",
    "data": [
      {
        "text": "Selam",
        "userDefined": false
      }
    ],
    "isTemplate": false,
    "count": 0,
    "updated": 0
  },
  {
    "id": "b651c12f-3b1c-438c-b20a-5babefa063e5",
    "data": [
      {
        "text": "Selamat petang",
        "userDefined": false
      }
    ],
    "isTemplate": false,
    "count": 0,
    "updated": 0
  },
  {
    "id": "75bb1ef4-475d-499b-b3d1-36a942e1592a",
    "data": [
      {
        "text": "Shalóm",
        "userDefined": false
      }
    ],
    "isTemplate": false,
    "count": 0,
    "updated": 0
  },
  {
    "id": "35c578a1-c982-409b-8686-d03d16313e1e",
    "data": [
      {
        "text": "Szia",
        "userDefined": false
      }
    ],
    "isTemplate": false,
    "count": 0,
    "updated": 0
  },
  {
    "id": "7a207894-489e-44e0-b009-f3c33d9f2678",
    "data": [
      {
        "text": "Talofa",
        "userDefined": false
      }
    ],
    "isTemplate": false,
    "count": 0,
    "updated": 0
  },
  {
    "id": "52279f4c-2b89-4722-a444-22315dfa6ef4",
    "data": [
      {
        "text": "Terppa",
        "userDefined": false
      }
    ],
    "isTemplate": false,
    "count": 0,
    "updated": 0
  },
  {
    "id": "f4bfd0b7-d018-4a8c-900a-dd6f15faf540",
    "data": [
      {
        "text": "terve",
        "userDefined": false
      }
    ],
    "isTemplate": false,
    "count": 0,
    "updated": 0
  },
  {
    "id": "6c53890b-87da-40d4-b700-b680c920bcda",
    "data": [
      {
        "text": "terveppä tereve",
        "userDefined": false
      }
    ],
    "isTemplate": false,
    "count": 0,
    "updated": 0
  },
  {
    "id": "789b31b8-0039-4845-97d8-2c6be5e94d1e",
    "data": [
      {
        "text": "Tervepä terve",
        "userDefined": false
      }
    ],
    "isTemplate": false,
    "count": 0,
    "updated": 0
  },
  {
    "id": "781cdc9c-610c-4515-b077-adf93221ea0a",
    "data": [
      {
        "text": "Tjena",
        "userDefined": false
      }
    ],
    "isTemplate": false,
    "count": 0,
    "updated": 0
  },
  {
    "id": "38477024-1039-427d-9516-a69835e090ba",
    "data": [
      {
        "text": "Tjenare",
        "userDefined": false
      }
    ],
    "isTemplate": false,
    "count": 0,
    "updated": 0
  },
  {
    "id": "4ea5d3de-2b18-40be-bd1f-b9b6ea390832",
    "data": [
      {
        "text": "Tungjatjeta",
        "userDefined": false
      }
    ],
    "isTemplate": false,
    "count": 0,
    "updated": 0
  },
  {
    "id": "82a77e96-a31a-47d8-8a1b-1fc3455d4667",
    "data": [
      {
        "text": "Witajcie",
        "userDefined": false
      }
    ],
    "isTemplate": false,
    "count": 0,
    "updated": 0
  },
  {
    "id": "97dc6c00-2d54-41f1-bc37-177901bf88f2",
    "data": [
      {
        "text": "Yā",
        "userDefined": false
      }
    ],
    "isTemplate": false,
    "count": 0,
    "updated": 0
  },
  {
    "id": "d52bb2e1-9dc0-4d61-8b25-e78e6e2fe518",
    "data": [
      {
        "text": "yay mate",
        "userDefined": false
      }
    ],
    "isTemplate": false,
    "count": 0,
    "updated": 0
  },
  {
    "id": "d4a26256-6054-43af-9e52-dd892ee5a67b",
    "data": [
      {
        "text": "Yō",
        "userDefined": false
      }
    ],
    "isTemplate": false,
    "count": 0,
    "updated": 0
  },
  {
    "id": "5776d21b-095b-4e1b-826b-a600b8153945",
    "data": [
      {
        "text": "Zdravo",
        "userDefined": false
      }
    ],
    "isTemplate": false,
    "count": 0,
    "updated": 0
  },
  {
    "id": "3c690905-e7c2-43c1-bd0d-0bc138d8e7ae",
    "data": [
      {
        "text": "Zdravstvuyte",
        "userDefined": false
      }
    ],
    "isTemplate": false,
    "count": 0,
    "updated": 0
  }
]