[
  {
    "id": "60d9dab0-bc99-4f52-8a65-30bd93ba9c90",
    "data": [
      {
        "text": "i\u0027ve heard that before",
        "userDefined": false
      }
    ],
    "isTemplate": false,
    "count": 0,
    "updated": 0
  },
  {
    "id": "d06b7692-b928-408b-a6af-97ba0cc68b03",
    "data": [
      {
        "text": "you\u0027ve told me that one before",
        "userDefined": false
      }
    ],
    "isTemplate": false,
    "count": 1,
    "updated": 0
  },
  {
    "id": "34b57709-f6f0-4f7c-bd1c-4613bf8abed3",
    "data": [
      {
        "text": "i\u0027ve heard that one before",
        "userDefined": false
      }
    ],
    "isTemplate": false,
    "count": 1,
    "updated": 0
  },
  {
    "id": "d33f807c-02d2-49e3-bdd2-3b64b26433b8",
    "data": [
      {
        "text": "i\u0027ve heard that joke multiple times",
        "userDefined": false
      }
    ],
    "isTemplate": false,
    "count": 0,
    "updated": 0
  },
  {
    "id": "20acad1c-2816-4459-a61e-859acb499db6",
    "data": [
      {
        "text": "i\u0027ve heard that so many times before",
        "userDefined": false
      }
    ],
    "isTemplate": false,
    "count": 0,
    "updated": 0
  },
  {
    "id": "613602db-cd63-4543-8a81-be73eb06a793",
    "data": [
      {
        "text": "i am done with that joke",
        "userDefined": false
      }
    ],
    "isTemplate": false,
    "count": 0,
    "updated": 0
  },
  {
    "id": "41ab61a6-b516-46e1-ae9d-d130052b40df",
    "data": [
      {
        "text": "i am sick and tired of that joke",
        "userDefined": false
      }
    ],
    "isTemplate": false,
    "count": 0,
    "updated": 0
  },
  {
    "id": "3023a2c3-1153-4b37-a48e-875b8da10f3f",
    "data": [
      {
        "text": "i am sick of that joke",
        "userDefined": false
      }
    ],
    "isTemplate": false,
    "count": 0,
    "updated": 0
  },
  {
    "id": "732a6fcb-ac21-474a-8d45-38c877719ad0",
    "data": [
      {
        "text": "i\u0027m sick of that joke",
        "userDefined": false
      }
    ],
    "isTemplate": false,
    "count": 0,
    "updated": 0
  },
  {
    "id": "e37ed46a-641c-4a96-b4d0-af35a7cdc98d",
    "data": [
      {
        "text": "you\u0027ve told me that joke multiple times",
        "userDefined": false
      }
    ],
    "isTemplate": false,
    "count": 0,
    "updated": 0
  },
  {
    "id": "c1e94ade-d3c0-451c-847a-56eb5bf92fb4",
    "data": [
      {
        "text": "you have told me that joke before",
        "userDefined": false
      }
    ],
    "isTemplate": false,
    "count": 0,
    "updated": 0
  },
  {
    "id": "ebc8c3d3-375d-4dd4-8885-6f883c77f247",
    "data": [
      {
        "text": "you just told that one",
        "userDefined": false
      }
    ],
    "isTemplate": false,
    "count": 0,
    "updated": 0
  },
  {
    "id": "d53069df-8690-489e-9129-daeeb5cf5bbf",
    "data": [
      {
        "text": "i\u0027ve heard that several times before",
        "userDefined": false
      }
    ],
    "isTemplate": false,
    "count": 0,
    "updated": 0
  },
  {
    "id": "e5789420-137f-457b-86ab-40dbdc6214d5",
    "data": [
      {
        "text": "that is an old joke",
        "userDefined": false
      }
    ],
    "isTemplate": false,
    "count": 0,
    "updated": 0
  },
  {
    "id": "efc814f0-9dcd-4081-a3c4-d3defb0f444f",
    "data": [
      {
        "text": "you just told me that joke",
        "userDefined": false
      }
    ],
    "isTemplate": false,
    "count": 0,
    "updated": 0
  },
  {
    "id": "f28d2d7b-8949-4f67-8340-5890ebf2a679",
    "data": [
      {
        "text": "you just told me that",
        "userDefined": false
      }
    ],
    "isTemplate": false,
    "count": 0,
    "updated": 0
  },
  {
    "id": "dffc6a76-cee1-4ba5-a802-93ae2054261b",
    "data": [
      {
        "text": "i\u0027ve heard that joke before",
        "userDefined": false
      }
    ],
    "isTemplate": false,
    "count": 0,
    "updated": 0
  },
  {
    "id": "dd6feb97-a6c0-4740-8eca-0f501a7923bf",
    "data": [
      {
        "text": "I have heard that before",
        "userDefined": false
      }
    ],
    "isTemplate": false,
    "count": 0,
    "updated": 0
  }
]