[
  {
    "id": "5512f4aa-0bf7-4864-87fa-db8eb6d761e8",
    "data": [
      {
        "text": "i\u0027m bored",
        "userDefined": false
      }
    ],
    "isTemplate": false,
    "count": 1,
    "updated": 0
  },
  {
    "id": "8bfa6296-c109-40bb-b3b9-0c18454246e6",
    "data": [
      {
        "text": "i am super bored",
        "userDefined": false
      }
    ],
    "isTemplate": false,
    "count": 1,
    "updated": 0
  },
  {
    "id": "9421a4c0-b0f9-486c-9ba0-8eb4161b51b8",
    "data": [
      {
        "text": "I\u0027m bored",
        "userDefined": false
      }
    ],
    "isTemplate": false,
    "count": 0,
    "updated": 0
  },
  {
    "id": "8c329143-1aba-436b-a4a9-2503eac5850b",
    "data": [
      {
        "text": "i am really bored",
        "userDefined": false
      }
    ],
    "isTemplate": false,
    "count": 1,
    "updated": 0
  },
  {
    "id": "63ed13a6-6dea-463b-aaf0-3b5e2985923b",
    "data": [
      {
        "text": "i am having such a boring day",
        "userDefined": false
      }
    ],
    "isTemplate": false,
    "count": 0,
    "updated": 0
  },
  {
    "id": "3b01ac04-c764-40f3-bf3b-c0f9f4f52edd",
    "data": [
      {
        "text": "i am bored",
        "userDefined": false
      }
    ],
    "isTemplate": false,
    "count": 1,
    "updated": 0
  },
  {
    "id": "3f0d6551-1763-4a48-bc7a-88660094295c",
    "data": [
      {
        "text": "this boredom is killing me",
        "userDefined": false
      }
    ],
    "isTemplate": false,
    "count": 0,
    "updated": 0
  },
  {
    "id": "f3365c87-f0ee-4422-927d-fa78da323ef3",
    "data": [
      {
        "text": "I\u0027m dying of boredom",
        "userDefined": false
      }
    ],
    "isTemplate": false,
    "count": 0,
    "updated": 0
  },
  {
    "id": "acfec6f4-b0d5-461d-830b-fd5164026dfd",
    "data": [
      {
        "text": "this day bores me to tears",
        "userDefined": false
      }
    ],
    "isTemplate": false,
    "count": 0,
    "updated": 0
  },
  {
    "id": "90390de8-bf2b-4180-8c2a-3e85a8901e81",
    "data": [
      {
        "text": "everything bores me",
        "userDefined": false
      }
    ],
    "isTemplate": false,
    "count": 0,
    "updated": 0
  },
  {
    "id": "1e9aee9b-a657-4c47-ba9d-5755e112dbcf",
    "data": [
      {
        "text": "i am",
        "userDefined": false
      }
    ],
    "isTemplate": false,
    "count": 0,
    "updated": 0
  },
  {
    "id": "7cd1d1b9-dc15-4d57-85b3-c548349a3138",
    "data": [
      {
        "text": "boring day",
        "userDefined": false
      }
    ],
    "isTemplate": false,
    "count": 0,
    "updated": 0
  },
  {
    "id": "5f04fdcd-90e9-437c-9ca8-b294c0da68a6",
    "data": [
      {
        "text": "what a dull day",
        "userDefined": false
      }
    ],
    "isTemplate": false,
    "count": 0,
    "updated": 0
  },
  {
    "id": "53e8828f-2711-4103-b636-167401e92923",
    "data": [
      {
        "text": "what a boring day",
        "userDefined": false
      }
    ],
    "isTemplate": false,
    "count": 0,
    "updated": 0
  },
  {
    "id": "99256680-bfa3-42f8-abaa-f33c9ca6e01d",
    "data": [
      {
        "text": "today",
        "meta": "@sys.ignore",
        "userDefined": false
      },
      {
        "text": " is a boring day",
        "userDefined": false
      }
    ],
    "isTemplate": false,
    "count": 0,
    "updated": 0
  },
  {
    "id": "a9ed2ab8-595e-4177-b60a-06950d8aaab1",
    "data": [
      {
        "text": "everything is boring",
        "userDefined": false
      }
    ],
    "isTemplate": false,
    "count": 0,
    "updated": 0
  },
  {
    "id": "f3157ad5-434b-4187-b60d-40047e5ad508",
    "data": [
      {
        "text": "that was boring",
        "userDefined": false
      }
    ],
    "isTemplate": false,
    "count": 0,
    "updated": 0
  },
  {
    "id": "cb0978de-a9c1-4ebe-b61f-e929aad64f16",
    "data": [
      {
        "text": "i am getting bored",
        "userDefined": false
      }
    ],
    "isTemplate": false,
    "count": 0,
    "updated": 0
  },
  {
    "id": "75f363e5-e324-4d42-92d9-dca03e5dc185",
    "data": [
      {
        "text": "it bores me",
        "userDefined": false
      }
    ],
    "isTemplate": false,
    "count": 0,
    "updated": 0
  },
  {
    "id": "c427f921-fbe7-4efe-9b68-73a2e3119a52",
    "data": [
      {
        "text": "very boring",
        "userDefined": false
      }
    ],
    "isTemplate": false,
    "count": 1,
    "updated": 0
  },
  {
    "id": "3981f64d-f52e-4bad-8b23-77c53f2b8575",
    "data": [
      {
        "text": "i\u0027m really bored",
        "userDefined": false
      }
    ],
    "isTemplate": false,
    "count": 1,
    "updated": 0
  },
  {
    "id": "04f5a207-44ae-47dc-9cf9-479c2c09ca30",
    "data": [
      {
        "text": "this is boring",
        "userDefined": false
      }
    ],
    "isTemplate": false,
    "count": 0,
    "updated": 0
  },
  {
    "id": "3646cc7b-ef9f-4b8e-8e7d-04b2fa3e2cd7",
    "data": [
      {
        "text": "boring",
        "userDefined": false
      }
    ],
    "isTemplate": false,
    "count": 0,
    "updated": 0
  },
  {
    "id": "f07f062b-9c53-406d-be0c-bfed12b11c88",
    "data": [
      {
        "text": "bored",
        "userDefined": false
      }
    ],
    "isTemplate": false,
    "count": 0,
    "updated": 0
  }
]