[
  {
    "id": "6d5cfb6a-1f8a-4bcf-a325-1fa4d2c948fc",
    "data": [
      {
        "text": "it again",
        "userDefined": false
      }
    ],
    "isTemplate": false,
    "count": 1,
    "updated": 0
  },
  {
    "id": "48de47dd-440a-428f-83fe-b892f27e2793",
    "data": [
      {
        "text": "that again",
        "userDefined": false
      }
    ],
    "isTemplate": false,
    "count": 1,
    "updated": 0
  },
  {
    "id": "e096c53e-4f9e-446f-be86-b08d9f994385",
    "data": [
      {
        "text": "that one more time",
        "userDefined": false
      }
    ],
    "isTemplate": false,
    "count": 0,
    "updated": 0
  }
]