[
  {
    "id": "3b304d0a-feb0-4e27-9d08-0359dd7201ba",
    "data": [
      {
        "text": "where to get friends",
        "userDefined": false
      }
    ],
    "isTemplate": false,
    "count": 0,
    "updated": 0
  },
  {
    "id": "c92e6f20-2c2d-48c6-aee1-dc251410dda1",
    "data": [
      {
        "text": "how to find friends",
        "userDefined": false
      }
    ],
    "isTemplate": false,
    "count": 0,
    "updated": 0
  },
  {
    "id": "9e077d3a-402e-463b-b115-d964c977fc8f",
    "data": [
      {
        "text": "where can i find friends",
        "userDefined": false
      }
    ],
    "isTemplate": false,
    "count": 0,
    "updated": 0
  }
]