[
  {
    "value": "broadband",
    "synonyms": [
      "broadband",
      "broadband deal",
      "broadband subscription",
      "home broadband",
      "home internet",
      "internet connection",
      "internet deal",
      "internet service"
    ]
  },
  {
    "value": "commutebenefit",
    "synonyms": [
      "biking to work",
      "commute benefit",
      "commutebenefit",
      "commuting benefit",
      "walking to work"
    ]
  },
  {
    "value": "datatransfer",
    "synonyms": [
      "data deal",
      "data transfer",
      "datatransfer",
      "mobiilidata",
      "mobile data",
      "mobile data benefit",
      "mobile data deal"
    ]
  },
  {
    "value": "dental",
    "synonyms": [
      "dental",
      "dental benefit",
      "dental plan",
      "dentalcare",
      "hammasetu",
      "hammashoito",
      "hammaslääkäri etu",
      "hammaslääkärietu",
      "teeth benefit",
      "teeth care",
      "tooth benefit",
      "tooth care"
    ]
  },
  {
    "value": "glasses",
    "synonyms": [
      "contact benefit",
      "contact lenses",
      "contactlenses",
      "eyeglases",
      "eyeglasses",
      "glassbenefit",
      "glasses",
      "glasses benefit",
      "lasietu",
      "lasit",
      "lukulasietu",
      "lukulasit",
      "piilarietu",
      "piilarit",
      "piilolinssi",
      "silmälasietu",
      "silmälasit",
      "spectacle",
      "spectacle benefit",
      "spectaclebenefit",
      "spectacles",
      "spectacles benefit"
    ]
  },
  {
    "value": "headphones",
    "synonyms": [
      "free headphones",
      "headphones",
      "headphones benefit",
      "included headphones",
      "pair of headphones"
    ]
  },
  {
    "value": "housing",
    "synonyms": [
      "company apartment",
      "company housing",
      "free apartment",
      "free housing",
      "housing",
      "rent benefit",
      "rent support"
    ]
  },
  {
    "value": "localdeals",
    "synonyms": [
      "deals with 3rd parties",
      "deals with local businesses",
      "deals with local stores",
      "deals with restaurants",
      "deals with third parties",
      "local deals",
      "localdeals"
    ]
  },
  {
    "value": "lunch",
    "synonyms": [
      "lounari",
      "lounasetu",
      "lounasseteli",
      "lunch",
      "lunch benefit",
      "lunch support",
      "lunch ticket"
    ]
  },
  {
    "value": "massage",
    "synonyms": [
      "hieronta",
      "masage",
      "masage benefit",
      "massage"
    ]
  },
  {
    "value": "newspapers",
    "synonyms": [
      "magazines",
      "newspapers"
    ]
  },
  {
    "value": "niceoffice",
    "synonyms": [
      "complimentary coffee",
      "complimentary tea",
      "free coffee",
      "free coffee and tea",
      "free drinks",
      "free tea",
      "nice office",
      "niceoffice",
      "office environment"
    ]
  },
  {
    "value": "nurse",
    "synonyms": [
      "childcare for sick child",
      "lastenhoito",
      "nurse",
      "nurse for child",
      "nurse for sick child",
      "nursing"
    ]
  },
  {
    "value": "parking",
    "synonyms": [
      "company parking",
      "free parking",
      "parking",
      "parking benefit",
      "parking spot",
      "parking voucher"
    ]
  },
  {
    "value": "paternalleave",
    "synonyms": [
      "dad leave",
      "daddy leave",
      "dadleave",
      "father holiday",
      "father leave",
      "isyysloma",
      "isyysvapaa",
      "paternal break",
      "paternal holiday",
      "paternal leave",
      "paternalleave"
    ]
  },
  {
    "value": "phonesub",
    "synonyms": [
      "phone plan",
      "phone sub",
      "phone subscription",
      "phonesub"
    ]
  },
  {
    "value": "publictransport",
    "synonyms": [
      "bus benefit",
      "free bus tickets",
      "free commute",
      "publictransport",
      "transport benefit"
    ]
  },
  {
    "value": "sportculturevoucher",
    "synonyms": [
      "culture \u0026 sport",
      "culture \u0026 sport vouchers",
      "culture \u0026 sports",
      "culture and sport",
      "culture and sport benefit",
      "culture and sport tickets",
      "culture and sport voucher",
      "culture and sports",
      "culture and sports benefit",
      "culture and sports tickets",
      "culture and sports vouchers",
      "culture benefit",
      "culture sport vouchers",
      "culture ticket",
      "culture voucher",
      "kulttuuriseteli",
      "liikuntaseteli",
      "sport and culture",
      "sport and culture benefit",
      "sport benefit",
      "sport culture benefit",
      "sport culture vouchers",
      "sport ticket",
      "sport voucher",
      "sportculturevoucher",
      "sports \u0026 culture",
      "sports and culture",
      "sports and culture benefit",
      "sports and culture vouchers",
      "tickets for culture and sports",
      "tickets for sports and culture",
      "voucer for sport and culture",
      "voucher for culture and sport",
      "vouchers for culture and sports",
      "vouchers for sports and culture"
    ]
  },
  {
    "value": "streamingmusic",
    "synonyms": [
      "free music",
      "free spotify",
      "music streaming service",
      "spotify",
      "streamingmusic"
    ]
  },
  {
    "value": "workcapinsurance",
    "synonyms": [
      "työkykyvakuutus",
      "work capacity insurance",
      "workcapinsurance",
      "working capacity insurance"
    ]
  }
]