[
  {
    "value": "impactbonus",
    "synonyms": [
      "blogging bonus",
      "impact bonus",
      "media bonus",
      "social media bonus",
      "visibility bonus"
    ]
  },
  {
    "value": "recruitmentbonus",
    "synonyms": [
      "recruiting bonus",
      "recruiting reward",
      "recruitment bonus",
      "recruitmentbonus",
      "rekry bonus",
      "rekry compensation",
      "rekry reward",
      "rekrybonus"
    ]
  },
  {
    "value": "salesleadbonus",
    "synonyms": [
      "lead bonus",
      "sales bonus",
      "sales lead bonus"
    ]
  }
]