[
  {
    "value": "officialname",
    "synonyms": [
      "officialname",
      "official name",
      "registered name",
      "official company name",
      "gofore\u0027s official name",
      "formal name",
      "administrative name"
    ]
  },
  {
    "value": "vat_id",
    "synonyms": [
      "vat_id",
      "VAT",
      "VAT number",
      "vat-number",
      "vat-id",
      "vat-nummer",
      "vat numero",
      "vat-numero",
      "vat-numeró",
      "vat numeró",
      "vies vat number",
      "vat identifier",
      "vat-identifier",
      "USt-IdNr",
      "ust idnr",
      "VIES number",
      "VIES identifier",
      "ALV-tunnus",
      "alv-numero",
      "alv numero",
      "alv tunnus",
      "alv-number",
      "alv number",
      "alv identifier",
      "alv id",
      "alv-id",
      "vat id",
      "id"
    ]
  },
  {
    "value": "company_number",
    "synonyms": [
      "company number",
      "company id",
      "identifier",
      "firm id",
      "firm identifier",
      "company identity number",
      "company identifier",
      "y-tunnus",
      "y-number",
      "y-identifier",
      "yritystunnus",
      "CRN",
      "registration number",
      "NIF",
      "registration id",
      "company registration number"
    ]
  },
  {
    "value": "tax_number",
    "synonyms": [
      "tax_number",
      "Steuernummer",
      "tax number",
      "tax identifier",
      "tax id",
      "tax-id",
      "tax-identifier"
    ]
  },
  {
    "value": "duns_number",
    "synonyms": [
      "duns_number",
      "DUNS number",
      "duns-number",
      "duns-numero",
      "duns numero",
      "duns id",
      "duns-id",
      "duns-identifier",
      "duns identifier"
    ]
  }
]