[
  {
    "value": "academy",
    "synonyms": [
      "TPSAcademy",
      "TPS Akatemia",
      "akatemia",
      "tps-akatemia",
      "tepsi-akatemia",
      "tepsiakatamie",
      "tps academy",
      "TPS-academy",
      "tepsi academy",
      "academy"
    ]
  },
  {
    "value": "black",
    "synonyms": [
      "Musta",
      "TPS Musta",
      "tepsin musta",
      "tps-musta",
      "TPS black",
      "TPS-Black",
      "Mustat",
      "tps mustat",
      "tps-mustat",
      "tepsin mustat"
    ]
  },
  {
    "value": "white",
    "synonyms": [
      "Valkoinen",
      "TPS Valkoinen",
      "Valkoinen",
      "tepsin valkoiset",
      "TPS-valkoinen",
      "TPS-white",
      "tps white",
      "tepsin whites",
      "tps-whites",
      "tps whites",
      "tps-valkoiset"
    ]
  }
]