[
  {
    "value": "mensMajor",
    "synonyms": [
      "mens",
      "miesten liiga",
      "Miesten salibandyliiga",
      "men\u0027s league",
      "mens league",
      "mens\u0027 liiga",
      "men\u0027s leag"
    ]
  },
  {
    "value": "womensMajor",
    "synonyms": [
      "womensMajor",
      "naisten salibandyliiga",
      "naisten liiga",
      "naisten a-lohko",
      "naisten lohko a",
      "women\u0027s league",
      "womens\u0027 league",
      "womens league"
    ]
  },
  {
    "value": "womenDiv2",
    "synonyms": [
      "womenDiv2",
      "naisten 2-divisioona",
      "women 2nd division",
      "women\u0027s 2nd division",
      "women\u0027s division 2",
      "women division 2",
      "womens 2nd division",
      "womens second division",
      "womens\u0027 2nd division",
      "2nd division women"
    ]
  },
  {
    "value": "womenDiv4",
    "synonyms": [
      "womenDiv4",
      "naisten 4-divisioona"
    ]
  },
  {
    "value": "A-boys",
    "synonyms": [
      "A-boys",
      "A boys",
      "A-pojat",
      "A pojat"
    ]
  },
  {
    "value": "A-girls",
    "synonyms": [
      "A-girls",
      "A girls",
      "A-tytöt",
      "A tytöt",
      "A työt",
      "A-työt"
    ]
  },
  {
    "value": "B-boys",
    "synonyms": [
      "B-boys",
      "B-pojat",
      "B pojat",
      "B boys",
      "B-boy",
      "B boy"
    ]
  },
  {
    "value": "B-girls",
    "synonyms": [
      "B-girls",
      "B girls",
      "B-tytöt",
      "B tytöt",
      "B-girl",
      "B girl"
    ]
  },
  {
    "value": "C2-boys",
    "synonyms": [
      "C2-boys",
      "C2 boys",
      "C2-pojat",
      "C2 pojat",
      "boys C2",
      "boys\u0027 C2",
      "C2 boy",
      "C2-boy"
    ]
  },
  {
    "value": "D1-boys",
    "synonyms": [
      "D1-boys",
      "D1 boys",
      "D1-pojat",
      "D1 pojat",
      "D1-boy",
      "D1 boy"
    ]
  },
  {
    "value": "D2-boys",
    "synonyms": [
      "D2-boys",
      "D2 boys",
      "D2-pojat",
      "D2 pojat",
      "D2 boy",
      "D2-boy"
    ]
  },
  {
    "value": "D-girls",
    "synonyms": [
      "D-girl",
      "D-girls",
      "D girls",
      "girls D",
      "D-työt",
      "D-tytöt",
      "D girl"
    ]
  },
  {
    "value": "E1-boys",
    "synonyms": [
      "E1-boys",
      "E1 boys",
      "E1-pojat",
      "E1 pojat",
      "pojat E1",
      "E1 boy",
      "E1-boy"
    ]
  },
  {
    "value": "E2-boys",
    "synonyms": [
      "E2-boys",
      "E2 boys",
      "boys E2",
      "E2-pojat",
      "E2 pojat",
      "E2 -boys",
      "E2-boy",
      "E2 boy"
    ]
  },
  {
    "value": "E-girls",
    "synonyms": [
      "E-girls",
      "E girls",
      "E-girl",
      "E girl",
      "E-työt",
      "E-tytöt",
      "E tytöt",
      "E työt"
    ]
  }
]