[
  {
    "value": "beige",
    "synonyms": [
      "beige",
      "brown",
      "latter",
      "oat",
      "peach",
      "sand",
      "sepia",
      "tan"
    ]
  },
  {
    "value": "black",
    "synonyms": [
      "black"
    ]
  },
  {
    "value": "blue",
    "synonyms": [
      "admiral",
      "azure",
      "blue",
      "cobalt",
      "indigo",
      "lapis",
      "navy",
      "primary blue"
    ]
  },
  {
    "value": "grey",
    "synonyms": [
      "grey"
    ]
  },
  {
    "value": "lightblue",
    "synonyms": [
      "greyer blue",
      "light blue",
      "lightblue",
      "lighter blue",
      "other blue",
      "secondary blue"
    ]
  },
  {
    "value": "nonbrandcolor",
    "synonyms": [
      "bronze",
      "emerald",
      "gold",
      "grape",
      "green",
      "honey",
      "lavender",
      "lilac",
      "lime",
      "magenta",
      "pink",
      "purple",
      "red",
      "teal",
      "violet",
      "yellow"
    ]
  },
  {
    "value": "orange",
    "synonyms": [
      "orange"
    ]
  },
  {
    "value": "white",
    "synonyms": [
      "white"
    ]
  }
]