[
  {
    "value": "genie",
    "synonyms": [
      "geene",
      "geenie",
      "geinie",
      "genie",
      "gieni",
      "gienie",
      "giini",
      "pullonhenki"
    ]
  },
  {
    "value": "granny",
    "synonyms": [
      "FAQ bot",
      "FAQ grandma",
      "FAQ granny",
      "faqbot",
      "grandma",
      "grandma bot",
      "granny",
      "granny bot",
      "grannybot",
      "mummo",
      "mummobot",
      "ukk bot"
    ]
  },
  {
    "value": "konnariseppo",
    "synonyms": [
      "konari seppo",
      "konariseppo",
      "konnari",
      "konnari seppo",
      "konnariseppo"
    ]
  },
  {
    "value": "seppo",
    "synonyms": [
      "Seppo",
      "Seppo Sorsa",
      "Seppobot",
      "seppo",
      "seppo sorsa",
      "seppobot"
    ]
  }
]