[
  {
    "value": "ceo",
    "synonyms": [
      "CEO",
      "ceo",
      "chief exec",
      "chief exec officer",
      "chief executive officer",
      "lead gofore",
      "lead this company",
      "leader of gofore",
      "leader of our company",
      "leader of the company",
      "leader of this company",
      "leads gofore",
      "leads our company",
      "leads the company",
      "leads this company",
      "run gofore",
      "run our company",
      "run the company",
      "run this company",
      "runs gofore",
      "runs our company",
      "runs the company",
      "runs this company",
      "toimari",
      "toimitusjohtaja"
    ]
  },
  {
    "value": "culturecoach",
    "synonyms": [
      "CC",
      "CCs",
      "cc",
      "cultural coach",
      "cultural coaches",
      "culturalcoach",
      "culturalcoaches",
      "culture coach",
      "culture coahc",
      "culture couch",
      "culture couches",
      "culture couhc",
      "culturecoach",
      "culturecouch",
      "culturecouches",
      "kulttuuri coach",
      "kulttuurikoutsi",
      "kulttuurivalmentaja"
    ]
  },
  {
    "value": "peopleperson",
    "synonyms": [
      "PP",
      "PPs",
      "people peeps",
      "people person",
      "people persons",
      "peopleperson",
      "peoples person"
    ]
  },
  {
    "value": "sitelead",
    "synonyms": [
      "office lead",
      "office leads",
      "site boss",
      "site lead",
      "site leader",
      "site leaders",
      "site leads",
      "site manager",
      "site managers",
      "sitelead"
    ]
  }
]