[
  {
    "value": "backpack",
    "synonyms": [
      "backpack"
    ]
  },
  {
    "value": "bottle",
    "synonyms": [
      "bottle"
    ]
  },
  {
    "value": "bottleopener",
    "synonyms": [
      "bottle opener",
      "bottleopener",
      "cap opener",
      "capopener",
      "church key",
      "churchkey",
      "pullon avaaja",
      "pullonavaaja"
    ]
  },
  {
    "value": "canvasbag",
    "synonyms": [
      "bag",
      "canvas bag",
      "canvas bags",
      "canvasbag",
      "fabric bag",
      "fabric bags",
      "shopping bag",
      "shoulder bag",
      "tote",
      "tote bag",
      "tote bags",
      "totes"
    ]
  },
  {
    "value": "cap",
    "synonyms": [
      "cap",
      "g-hat",
      "gofore cap",
      "gofore het",
      "gofore-hat",
      "hat",
      "lippalakki",
      "lippis",
      "snapback",
      "snapback cap"
    ]
  },
  {
    "value": "clothes",
    "synonyms": [
      "appareal",
      "articles of clothing",
      "attire",
      "clothes",
      "clothing",
      "garb",
      "garments",
      "gear",
      "gofore clothes",
      "rags",
      "threads"
    ]
  },
  {
    "value": "hoodie",
    "synonyms": [
      "hoodie",
      "hoody",
      "huppari"
    ]
  },
  {
    "value": "lanyard",
    "synonyms": [
      "avainnauha",
      "avainnauhat",
      "laniard",
      "lanyard"
    ]
  },
  {
    "value": "nametag",
    "synonyms": [
      "nametag"
    ]
  },
  {
    "value": "noodles",
    "synonyms": [
      "instant noodles",
      "noodles",
      "nuudelit",
      "ramen"
    ]
  },
  {
    "value": "notebook",
    "synonyms": [
      "notebook",
      "vihko"
    ]
  },
  {
    "value": "patch",
    "synonyms": [
      "canvas marker",
      "canvas markers",
      "canvas patch",
      "canvas patches",
      "fabric marker",
      "fabric markers",
      "fabric patch",
      "fabric patches",
      "haalarimerkit",
      "haalarimerkkejä",
      "haalarimerkki",
      "patch",
      "patches"
    ]
  },
  {
    "value": "pen",
    "synonyms": [
      "kynä",
      "mustekynä",
      "pen"
    ]
  },
  {
    "value": "reflector",
    "synonyms": [
      "reflector"
    ]
  },
  {
    "value": "saddlecover",
    "synonyms": [
      "bike seat cover",
      "bike seat protector",
      "bikeseat cover",
      "saddle cover",
      "saddle protector",
      "saddlecover"
    ]
  },
  {
    "value": "slippers",
    "synonyms": [
      "house shoe",
      "house shoes",
      "slippers",
      "tohveli",
      "tohvelit",
      "tossut"
    ]
  },
  {
    "value": "sticker",
    "synonyms": [
      "sticker",
      "stickers"
    ]
  },
  {
    "value": "stockproduct",
    "synonyms": [
      "stock item",
      "stock items",
      "stock products",
      "stock things",
      "stockproduct"
    ]
  },
  {
    "value": "t-shirt",
    "synonyms": [
      "shirt",
      "shirts",
      "t-shirt",
      "t-shirts"
    ]
  },
  {
    "value": "webcamcover",
    "synonyms": [
      "web cam cover",
      "web cam covers",
      "webcam cover",
      "webcam covers",
      "webcamcover",
      "webcamcovers"
    ]
  }
]