[
  {
    "value": "bitbucket",
    "synonyms": [
      "bitbucket",
      "bitbuketti",
      "bitebucket",
      "bittbucket"
    ]
  },
  {
    "value": "confluence",
    "synonyms": [
      "confflu",
      "conffluence",
      "conflu",
      "confluence",
      "confuence",
      "connflu"
    ]
  },
  {
    "value": "email",
    "synonyms": [
      "email",
      "gofore email",
      "webmail"
    ]
  },
  {
    "value": "gitlab",
    "synonyms": [
      "gitlab",
      "gitlabbi"
    ]
  },
  {
    "value": "goforeshop",
    "synonyms": [
      "company clothing shop",
      "company clothing store",
      "company online market",
      "company online marketplace",
      "company online shop",
      "company online store",
      "company promo product store",
      "company promo shop",
      "company promo store",
      "company shop",
      "company store",
      "company swag shop",
      "company swag store",
      "company webshop",
      "company webstore",
      "company\u0027s online market",
      "company\u0027s online marketplace",
      "company\u0027s online shop",
      "company\u0027s online store",
      "companyshop",
      "companystore",
      "gofore clothing shop",
      "gofore clothing store",
      "gofore market",
      "gofore marketplace",
      "gofore online market",
      "gofore online marketplace",
      "gofore online shop",
      "gofore online store",
      "gofore promo product store",
      "gofore promo shop",
      "gofore promo store",
      "gofore shop",
      "gofore store",
      "gofore swag shop",
      "gofore swag store",
      "gofore webshop",
      "gofore websotre",
      "gofore webstore",
      "gofore\u0027s clothing shop",
      "gofore\u0027s clothing store",
      "gofore\u0027s marketplace",
      "gofore\u0027s online market",
      "gofore\u0027s online marketplace",
      "gofore\u0027s online shop",
      "gofore\u0027s online store",
      "gofore\u0027s promo product store",
      "gofore\u0027s promo shop",
      "gofore\u0027s promo store",
      "gofore\u0027s shop",
      "gofore\u0027s store",
      "gofore\u0027s swag shop",
      "gofore\u0027s swag store",
      "gofore\u0027s webshop",
      "gofore\u0027s webstore",
      "goforeshop",
      "goforestore",
      "our clothing shop",
      "our clothing store",
      "our online market",
      "our online marketplace",
      "our online shop",
      "our online store",
      "our promo product store",
      "our promo shop",
      "our promo store",
      "our shop",
      "our store",
      "our swag shop",
      "our swag store",
      "our webshop",
      "our webstore",
      "swag online store",
      "swag shop",
      "swag store",
      "swag webshop",
      "swag webstore",
      "swagshop",
      "swagstore"
    ]
  },
  {
    "value": "hohto",
    "synonyms": [
      "hohto",
      "hohtoapp"
    ]
  },
  {
    "value": "lever",
    "synonyms": [
      "lever"
    ]
  },
  {
    "value": "office365",
    "synonyms": [
      "microsoft office",
      "ms office",
      "office365"
    ]
  },
  {
    "value": "planmill",
    "synonyms": [
      "planmill"
    ]
  },
  {
    "value": "servicecenter",
    "synonyms": [
      "service center",
      "service centre",
      "service desk",
      "servicecenter",
      "servicecentre",
      "servicedesk",
      "srvc centre"
    ]
  },
  {
    "value": "slack",
    "synonyms": [
      "slack"
    ]
  },
  {
    "value": "trello",
    "synonyms": [
      "trello"
    ]
  }
]