[
  {
    "value": "Estonia",
    "synonyms": [
      "Estonia",
      "Viro",
      "eesti",
      "Eesti",
      "virolainen",
      "estonian"
    ]
  },
  {
    "value": "Finland",
    "synonyms": [
      "Finland",
      "Suomi",
      "Finnish",
      "suomalainen"
    ]
  },
  {
    "value": "Germany",
    "synonyms": [
      "Deutschland",
      "Germany",
      "Saksa",
      "German",
      "Deutsch",
      "saksalainen"
    ]
  },
  {
    "value": "Spain",
    "synonyms": [
      "Espanja",
      "España",
      "Spain",
      "Spanish",
      "espanjalainen"
    ]
  },
  {
    "value": "UK",
    "synonyms": [
      "England",
      "Englanti",
      "GB",
      "Great Britain",
      "UK",
      "United Kingdom",
      "Wales",
      "british"
    ]
  }
]