[
  {
    "value": "brun",
    "synonyms": [
      "Braunschweig",
      "Braunsshweig",
      "Braunswick",
      "Brunswick",
      "Mangodesign office",
      "brun",
      "brusncwick",
      "germany new office",
      "germany new site",
      "mango design",
      "mango design location",
      "mango design office",
      "mango office",
      "mangodesign",
      "mangodesign location",
      "new german location",
      "new german office",
      "new german site",
      "new germany location",
      "new germany office",
      "new germany site",
      "new location in germany",
      "new office in germany",
      "new site in germany"
    ]
  },
  {
    "value": "hki",
    "synonyms": [
      "Helsinki",
      "hel",
      "hki",
      "kampintorni",
      "kamppi"
    ]
  },
  {
    "value": "hkisimo",
    "synonyms": [
      "Helsinki Simontorni",
      "helsinki simo",
      "simontorni"
    ]
  },
  {
    "value": "hkivallila",
    "synonyms": [
      "Helsinki Vallila",
      "Vallgård",
      "Vallila"
    ]
  },
  {
    "value": "jkl",
    "synonyms": [
      "Jyväskylä",
      "jkl",
      "jyvä"
    ]
  },
  {
    "value": "ldn",
    "synonyms": [
      "LDN",
      "London",
      "Lontoo"
    ]
  },
  {
    "value": "mad",
    "synonyms": [
      "Madrid",
      "Spain"
    ]
  },
  {
    "value": "muc",
    "synonyms": [
      "Germany",
      "Munchen",
      "Munich",
      "München",
      "muchen",
      "mucnhen",
      "munchen",
      "munhcen",
      "mynchen",
      "mynich"
    ]
  },
  {
    "value": "sws",
    "synonyms": [
      "SWS",
      "Swansea"
    ]
  },
  {
    "value": "tku",
    "synonyms": [
      "Turku",
      "tku",
      "åbo"
    ]
  },
  {
    "value": "tll",
    "synonyms": [
      "Eesti",
      "Estonia",
      "Tallin",
      "Tallinn",
      "Tallinna",
      "Viro"
    ]
  },
  {
    "value": "tre",
    "synonyms": [
      "Manse",
      "Nääsville",
      "Tampere",
      "tanpere",
      "tre"
    ]
  }
]