[
  {
    "value": ".NET",
    "synonyms": [
      ".NET",
      ".NET Compact Framework",
      "ASP NET",
      "ASP.NET MVC",
      "ASP.Net",
      "AutoFixture",
      "Azure Functions",
      "Azure SQL Database",
      "Azure ServiceBus",
      "Frends Integration Platform",
      "NET",
      "NET framework",
      "NUnit",
      "Silverlight",
      "Telerik",
      "WCF",
      "WPF",
      "Windows Communication Foundation",
      "Windows Forms",
      "Windows Presentation Foundation",
      "Winforms",
      "Xamarin",
      "Xceed",
      "asp .net core",
      "asp net core",
      "asp.net",
      "asp.net core",
      "windows forms",
      "windows presentation foundation",
      "xamarin"
    ]
  },
  {
    "value": "3D",
    "synonyms": [
      "3D",
      "Qt 3d Studio",
      "Rhino3D",
      "Unity",
      "Unity3D",
      "Unreal Engine",
      "VR",
      "Virtual Reality",
      "X3D",
      "Zbrush",
      "blender",
      "cinema 4d",
      "cinema4d",
      "industrial design",
      "maya",
      "modo",
      "rhino",
      "unity",
      "unreal engine",
      "virtual reality",
      "x3dom"
    ]
  },
  {
    "value": "Archiving",
    "synonyms": [
      "Archiving",
      "Digital Preservation",
      "SÄHKE2"
    ]
  },
  {
    "value": "Artificial Intelligence",
    "synonyms": [
      "AI",
      "Artificial Intelligence",
      "Computer Vision",
      "Dialogflow",
      "NLP",
      "Natural Language Processing",
      "chatbot",
      "chatbots",
      "keras",
      "rasa"
    ]
  },
  {
    "value": "Automated Testing",
    "synonyms": [
      "Automated Testing",
      "Cypress",
      "GitLab CI",
      "Sikuli",
      "Specflow",
      "nock"
    ]
  },
  {
    "value": "Big Data",
    "synonyms": [
      "AWS Glue",
      "AWS Kinesis",
      "AWS Kinesis Datarehose",
      "AWS Redshift",
      "Apache Flume",
      "Apache HBase",
      "Apache Kafka",
      "Apache Parquet",
      "Apache Spark",
      "Big Data",
      "Big data ja analytiikka",
      "Cloudera Manager",
      "Cluster Analysis",
      "Data analysis",
      "Google BigQuery",
      "Hadoop",
      "IBM Maximo",
      "Kafka Streams",
      "Machine learning",
      "MapReduce-based parallel and distributed processing",
      "Mathematics",
      "Oracle Big Data Connectors",
      "Pentaho Data Integration",
      "Pytorch",
      "Tensorflow",
      "Tiedonlouhinta",
      "kdb+"
    ]
  },
  {
    "value": "Business Domains",
    "synonyms": [
      "Brändien hallinta ja konseptiosaaminen",
      "Business Domains",
      "Education",
      "Embedded Systems",
      "Energy",
      "Healthcare",
      "Kanta-palvelut",
      "Passenger information",
      "Public Administration",
      "Public Transport",
      "Rail Transport",
      "Retail",
      "Road Traffic",
      "Sea Transport",
      "Tehosairaanhoito",
      "Telecom",
      "Terveydenhuollon erityispiirteet",
      "Terveyspalvelujen lainsäädäntö",
      "Työ- ja elinkeinopalvelut",
      "Valtionhallinto",
      "Winter navigation"
    ]
  },
  {
    "value": "Business Intelligence",
    "synonyms": [
      "Brändien hallinta ja konseptiosaaminen",
      "Business Intelligence",
      "IBM Watson",
      "Microsoft Analysis Services",
      "OLAP",
      "Project portfolio management",
      "Qlik Sense",
      "QlikView",
      "SPSS",
      "Tableau"
    ]
  },
  {
    "value": "CICS",
    "synonyms": [
      "CICS"
    ]
  },
  {
    "value": "CMF",
    "synonyms": [
      "CMF",
      "Kofax Total Agility"
    ]
  },
  {
    "value": "CMS",
    "synonyms": [
      "Alfresco",
      "CKAN",
      "CMS",
      "Confluence",
      "Contentful",
      "Drupal",
      "Drupal 7",
      "Drupal 8",
      "Episerver",
      "ExpressionEngine",
      "Information Architecture",
      "Joomla",
      "Magnolia CMS",
      "MediaWiki",
      "Mezzanine",
      "ModX",
      "OpenCMS",
      "Oracle UCM",
      "Oracle Weblogic Portal",
      "Sharepoint Server",
      "Sitecore",
      "Transifex",
      "Umbraco",
      "Vignette",
      "Vignette CMS",
      "Vignette StoryServer",
      "Vignette V6",
      "Vignette V7",
      "WordPress",
      "content management",
      "content management systems",
      "phpBB"
    ]
  },
  {
    "value": "CSS",
    "synonyms": [
      "CSS",
      "Emotion",
      "bulma",
      "css modules",
      "styled compontents"
    ]
  },
  {
    "value": "Case Management",
    "synonyms": [
      "Case Management",
      "JHS 176 Sähköisten asiakirjallisten tietojen käsittely, hallinta ja säilyttäminen",
      "SÄHKE2"
    ]
  },
  {
    "value": "Consulting",
    "synonyms": [
      "CBA",
      "Consulting",
      "Digital transformation consultancy",
      "Facilitation",
      "IT consulting",
      "IT-management consulting",
      "KHA",
      "Kustannus- ja hyötyarviot",
      "Management consulting",
      "Sisäinen laskentatoimi",
      "Tekninen tuki",
      "it-consulting",
      "johdon laskentatoimi",
      "tech consulting",
      "technical support"
    ]
  },
  {
    "value": "Continuous Integration",
    "synonyms": [
      "Bamboo",
      "Bitbucket Pipelines",
      "CI",
      "CircleCI",
      "Continuous Delivery",
      "Continuous Deployment",
      "Continuous Integration",
      "CruiseControl",
      "Electric Cloud",
      "GitLab CI",
      "Hudson",
      "Jenkins",
      "Octopus Deploy",
      "Shippable",
      "Teamcity",
      "Travis",
      "Visual Studio Team Services"
    ]
  },
  {
    "value": "Customer Experience Management",
    "synonyms": [
      "Customer Experience Management"
    ]
  },
  {
    "value": "Customer Relationship Management",
    "synonyms": [
      "Customer Relationship Management"
    ]
  },
  {
    "value": "Customer Service",
    "synonyms": [
      "Customer Service"
    ]
  },
  {
    "value": "Data",
    "synonyms": [
      "Azure Storage",
      "BOXI SAS",
      "Business Intelligence",
      "CAF Common Assessment Framework",
      "Common Data Service For Apps",
      "Crystal Reports",
      "Data",
      "Data Analysis",
      "Data Scraping",
      "Data Stores",
      "Data Vault 2.0",
      "Data analysation and reporting",
      "Data communication n",
      "Data-kuutiot",
      "Easytrieve+",
      "Google Sheets",
      "Hadoop",
      "Highcharts",
      "IBM Cognos Framework Manager",
      "IBM Cognos Report Studio",
      "IBM Watson",
      "Informaatioanalytiikka",
      "Mathematics",
      "Microsoft Analysis Services",
      "Microsoft Power BI",
      "Oracle Warehouse Builder",
      "Palantir Gotham",
      "Qlik Sense",
      "QlikView",
      "R",
      "SAP Business Objects XI",
      "SAS",
      "SPSS",
      "SQL Server Analysis Services",
      "Scrapy",
      "Statistics",
      "Tableau",
      "Tekstianalytiikka",
      "Tensorflow",
      "Tiedonlouhinta",
      "Tietovaraston suunnittelu",
      "Web scraping",
      "data blocks",
      "scikit-learn"
    ]
  },
  {
    "value": "Databases",
    "synonyms": [
      "AWS DynamoDB",
      "AWS Elasticsearch Service",
      "AWS Redshift",
      "AWS Relational Database Service",
      "Aerospike DB",
      "Apache Derby",
      "Apache HBase",
      "Apache Torque",
      "Azure Cosmos DB",
      "Borland Paradox",
      "Cassandra",
      "Cloudant",
      "Common Data Service For Apps",
      "CouchDB",
      "DB/2",
      "DB2",
      "Data Vault 2.0",
      "Database design",
      "Databases",
      "Derby",
      "Elisa CodeServer",
      "Fastpath",
      "Firebase",
      "Flyway",
      "Galera cluster",
      "H2 Database Engine",
      "HSQLDB",
      "HugSQL",
      "InfluxDB",
      "Ingres DB",
      "InterBase",
      "Liquibase",
      "MariaDB",
      "Maxscale",
      "Microsoft",
      "Microsoft Access",
      "RDS",
      "c3p0",
      "jOOQ",
      "kdb+"
    ]
  },
  {
    "value": "ERP",
    "synonyms": [
      "Dynamics 365",
      "Dynamics AX",
      "Dynamics NAV",
      "ERP",
      "Laatupäällikkö",
      "Microsoft Dynamics 365",
      "Microsoft Dynamics AX",
      "Microsoft Dynamics NAV",
      "SAP SRM",
      "SAP systems",
      "ensemble",
      "enterprise resource planning"
    ]
  },
  {
    "value": "ETL",
    "synonyms": [
      "AWS Glue",
      "ETL",
      "Microsoft Analysis",
      "Microsoft Analysis Services"
    ]
  },
  {
    "value": "Enterprise Architecture",
    "synonyms": [
      "ARIS Architect and Designer",
      "Applications architecture",
      "Archi",
      "Architecture Management",
      "Architecture Maturity Model",
      "Arter ARC",
      "Business Architecture",
      "Category: enterprise architecture APIOps Cycles",
      "Current state enterprise architecture modelling",
      "Enterprise Architecture",
      "Enterprise Architecture Consulting",
      "Enterprise Architecture Tools",
      "Enterprise architecture development",
      "Enterprise architecture management",
      "Enterprise architecture planning",
      "Enterprise architecture planning and development",
      "Governance models",
      "ICT-palvelujen kehittäminen",
      "Information Architecture",
      "JHKA Framework",
      "JHKA reference architecture model",
      "JHS 171",
      "JHS 172",
      "JHS 173",
      "JHS 179",
      "Kartturi-model",
      "Kehittämiskohteiden tunnistaminen",
      "Kunnan johtamisen viitearkkitehtuuri",
      "Lean EA",
      "Multi-channel business",
      "Process Architecture",
      "QPR Enterprise Architect",
      "Reference Architecture",
      "Solution Architecture",
      "Sote-järjestelmien erityisvaatimukset",
      "Sote-järjestelmien vaatimukset",
      "TOGAF",
      "Target architecture specification",
      "Technology Architecture",
      "Zachman Framework",
      "app architecture"
    ]
  },
  {
    "value": "FDA",
    "synonyms": [
      "FDA",
      "designing medical devices",
      "lääkinnällisten laitteiden suunnittelu",
      "medical devices"
    ]
  },
  {
    "value": "Graphic Design",
    "synonyms": [
      "Adobe After Effects",
      "Adobe Illustrator",
      "Adobe Indesign",
      "Adobe Photoshop",
      "Figma",
      "Frontify",
      "GIMP",
      "Graphic Design",
      "Iconography",
      "InVision",
      "Inkscape",
      "Kuvittaminen",
      "Logo design",
      "Scribus",
      "Semantic UI",
      "Sketch",
      "Typography",
      "Zeplin"
    ]
  },
  {
    "value": "Human Resource Management",
    "synonyms": [
      "Coaching",
      "HR",
      "Human Resource Management",
      "Human resources",
      "Management",
      "Mentoring",
      "Recruiting",
      "Sympa HR"
    ]
  },
  {
    "value": "IT Service Management",
    "synonyms": [
      "IT Service Management"
    ]
  },
  {
    "value": "Identity Management",
    "synonyms": [
      "AWS Cognito",
      "AWS Identity and Access Management",
      "Auth0",
      "IAM",
      "Identity Management",
      "Identity Server 4",
      "Identity and Access management",
      "Keycloak",
      "Propentus United Identity"
    ]
  },
  {
    "value": "Information security",
    "synonyms": [
      "AWS Certificate Manager",
      "AWS CloudTrail",
      "AWS Web Application Firewall",
      "Anonymisointi, luonnollinen kieli",
      "Armitage",
      "BouncyCastle",
      "GRC-työkalut",
      "IAM",
      "IdM",
      "Identity and Access management",
      "Identity management",
      "Information security",
      "Katakri 2015",
      "OpenSSL",
      "PKI",
      "Spring Security",
      "Spring Security SAML",
      "Tietoliikenteen salaus ja protokollat",
      "Tietosuoja",
      "VAHTI-requirements",
      "VPN",
      "WAF",
      "anonymisation",
      "data privacy",
      "data protection",
      "information security consulting",
      "penetration testing",
      "secure design"
    ]
  },
  {
    "value": "Iot",
    "synonyms": [
      "AWS IoT Core",
      "Iot",
      "LoRaWan",
      "OPC",
      "OPC UA",
      "internet of things"
    ]
  },
  {
    "value": "JavaScript",
    "synonyms": [
      "Arkit architecture visualization",
      "Cypress",
      "ES6",
      "JS",
      "JavaScript",
      "NGRX",
      "NGXS",
      "Next.js",
      "Node.js",
      "PWA",
      "Progressive Web Applications",
      "Svelte",
      "axios",
      "pixi.js",
      "web3.js"
    ]
  },
  {
    "value": "Machine Learning",
    "synonyms": [
      "AWS SageMaker",
      "Cluster Analysis",
      "Google Cloud AutoML",
      "Google Cloud ML Engine",
      "Google Cloud MLE",
      "Google Cloud Machine Learning Engine",
      "Linear Regression",
      "ML",
      "Machine Learning",
      "Multilayer Perceptron",
      "Polynomial Regression",
      "Pytorch"
    ]
  },
  {
    "value": "Marine standards and systems",
    "synonyms": [
      "2010/65/EU",
      "AIS",
      "Automatic Identification System",
      "CISE",
      "Cmmon Information Sharing Environment",
      "ECDIS",
      "FAL forms",
      "Facilitation of International Maritime Traffic",
      "IALA CSSA",
      "IHO S-4",
      "IHO S-52",
      "IHO S-57",
      "MSW",
      "Marine standards",
      "Marine standards and systems",
      "Marine systems",
      "Maritime Single Window",
      "RTZ",
      "Reporting formalities directive",
      "Route plan exchange format",
      "VTS"
    ]
  },
  {
    "value": "Markup Languages",
    "synonyms": [
      "JSX",
      "LaTeX",
      "Markdown",
      "Markup Languages",
      "Webavux",
      "XAML",
      "YAML"
    ]
  },
  {
    "value": "Master Data Management",
    "synonyms": [
      "Governance models",
      "MDM",
      "MDM Methodologies",
      "Master Data Management",
      "Microsoft MDS",
      "Oracle Product Hub"
    ]
  },
  {
    "value": "accessmanagement",
    "synonyms": [
      "AD",
      "AWS Cognito",
      "AWS Identity and Access Management",
      "AWS Web Application Firewall",
      "AWS cognito",
      "CAS",
      "Central Authentication Service",
      "Certificate-based authentication",
      "FINEID",
      "Finnish electronic Identity",
      "IAM",
      "IBM Tivoli Access Manager",
      "JAAS",
      "Java Authentication and Authorization Service",
      "Katso-tunnistus",
      "Keycloak",
      "OAG",
      "OAM",
      "OAuth 2.0",
      "OpenAM",
      "Oracle API Gateway",
      "Oracle Access Manager",
      "RSA ClearTrust",
      "SAML",
      "Shibboleth",
      "Single sign-on",
      "Spring Security SAML",
      "UMA",
      "UMA 2.0",
      "User Managed Access",
      "WAF",
      "WebSEAL",
      "XACML",
      "access management",
      "accessmanagement",
      "activer directory",
      "atlassion crowd",
      "auth0",
      "aws firewall",
      "aws identity",
      "cleartrust",
      "eXtensible Access Control Markup Language",
      "java authentication",
      "katso-tunniste",
      "manage access",
      "oauth",
      "oracle api",
      "passport js",
      "passport.js",
      "passportJS"
    ]
  },
  {
    "value": "account management",
    "synonyms": [
      "account management",
      "managing accounts"
    ]
  },
  {
    "value": "acquisition",
    "synonyms": [
      "Act on Public Contracts",
      "ESPD",
      "HILMA",
      "IT acquisitions",
      "IT-acquisitions",
      "JHS",
      "JHS 166",
      "JIT-2015",
      "Market Court",
      "Negotiated procedure",
      "Open procedure",
      "Pricing",
      "Private sector tendering",
      "Procurement procedures",
      "Public Procurement Act",
      "Public procurement",
      "RFI",
      "Simplified procurement",
      "acquisition",
      "cloudia",
      "tech acquisition",
      "tech acquisitions"
    ]
  },
  {
    "value": "agile",
    "synonyms": [
      "Business Model Canvas",
      "DevOps methodology",
      "Innovation process",
      "Kanban",
      "Large-Scale Scrum",
      "LeSS",
      "Lean Operational Development",
      "Lean Startup",
      "MVP",
      "Minimum Viable Product",
      "Osallistavat menetelmät",
      "Palveluprototypointi",
      "SAFe",
      "SAFe Program Consultant",
      "SPC",
      "Scaled Agile Framework",
      "Scaled Scrum",
      "Scrum",
      "Scrum Master",
      "agile",
      "agile methodologies",
      "agile methods",
      "atman",
      "devops",
      "devops methods",
      "kanban",
      "prototyping",
      "scrum",
      "scrumban",
      "service prototyping",
      "target process",
      "targetprocess",
      "version one",
      "versionone",
      "waffle",
      "waffle.io",
      "waffleio"
    ]
  },
  {
    "value": "analyticstools",
    "synonyms": [
      "AWS Kinesis",
      "AWS Kinesis Data Analytics",
      "AWS Kinesis Data Firehose",
      "Azure Machine Learning Studio",
      "CEM",
      "Google Analytics",
      "Google Data Studio",
      "Grafana",
      "Hadoop",
      "IBM Watson",
      "JavaMelody",
      "Kibana",
      "Leftronic Dashboards",
      "Mathematics",
      "Microsoft Azure Emotion API",
      "Microsoft Excel",
      "Microsoft Power BI",
      "Pytorch",
      "Qlik Sense",
      "QlikView",
      "SAS",
      "SPSS",
      "Tableau",
      "Vertica",
      "analysation tools",
      "analytics tools",
      "analyticstools",
      "asiakaskokemuksen hallinta",
      "azure emotion",
      "azure ml studio",
      "customer experience management",
      "excel",
      "java melody",
      "managing customer experience"
    ]
  },
  {
    "value": "android",
    "synonyms": [
      "android",
      "android dev",
      "android development",
      "android wear",
      "android wear dev",
      "android wear development",
      "native android",
      "native development",
      "native mobile app design"
    ]
  },
  {
    "value": "animation",
    "synonyms": [
      "Adobe After Effects",
      "Blender",
      "Cinema4D",
      "animating",
      "animation"
    ]
  },
  {
    "value": "app marketplaces",
    "synonyms": [
      "app marketplaces",
      "app store",
      "app stores",
      "apple store",
      "application stores",
      "google play"
    ]
  },
  {
    "value": "applicationservers",
    "synonyms": [
      "Apache Karaf",
      "Apache TomEE",
      "BEA WebLogic Server",
      "Gentoo Linux",
      "GlassFish Server",
      "JBoss AS",
      "JBoss EAP",
      "Jetty",
      "Microsoft IIS",
      "OC4J",
      "Service Fabric",
      "Tomcat",
      "WebLogic",
      "WebSphere Application Server",
      "WildFly application server",
      "application servers",
      "applicationservers",
      "gunicorn"
    ]
  },
  {
    "value": "architecturemodels",
    "synonyms": [
      "C4 Model",
      "CORBA",
      "Clean Architecture",
      "ISA-95",
      "JHKA Framework",
      "Kunnan johtamisen viitearkkitehtuuri",
      "SOA",
      "Serverless Architecture",
      "architecturemodels",
      "serverless"
    ]
  },
  {
    "value": "association-law-fi",
    "synonyms": [
      "Yhteisölainsäädäntö",
      "association law",
      "association-law-fi",
      "board work",
      "finnish association law"
    ]
  },
  {
    "value": "audio",
    "synonyms": [
      "ALSA",
      "Advanced Linux Sound Architecture",
      "JACK Audio Connection Kit",
      "audio",
      "audio design",
      "sound design"
    ]
  },
  {
    "value": "augmented reality",
    "synonyms": [
      "ARCore",
      "HoloLens",
      "augmented reality"
    ]
  },
  {
    "value": "authentication",
    "synonyms": [
      "Authentication",
      "Firebase",
      "Suomi.fi tunnistus",
      "authentication",
      "suomi authentication",
      "suomi.fi authentication"
    ]
  },
  {
    "value": "azure",
    "synonyms": [
      "Azure Artifacts",
      "Azure Database",
      "Azure Devops",
      "Azure Functions",
      "Azure Logic Apps",
      "Azure SQL",
      "Azure SQL Database",
      "Azure Service Fabric",
      "azure"
    ]
  },
  {
    "value": "backups",
    "synonyms": [
      "Bacula",
      "IBM Spectrum Protect",
      "Netbackup",
      "Veeam Backup",
      "backups"
    ]
  },
  {
    "value": "code review",
    "synonyms": [
      "code review",
      "gerrit"
    ]
  },
  {
    "value": "communication",
    "synonyms": [
      "communication",
      "project communication",
      "tiedottaminen"
    ]
  },
  {
    "value": "communications engineering",
    "synonyms": [
      "WebRTC",
      "communications engineering",
      "web rtc"
    ]
  },
  {
    "value": "complex systems",
    "synonyms": [
      "complex systems",
      "system dynamics"
    ]
  },
  {
    "value": "configuration management",
    "synonyms": [
      "AWS Systems Manager",
      "Ansible",
      "Artifactory",
      "Bitbucket",
      "Chef",
      "Config Management",
      "Eureka",
      "Julkaisunhallinta",
      "Liquibase",
      "Nexus",
      "Powershell DSC",
      "Puppet",
      "Rally",
      "SaltStack",
      "Service Fabric",
      "Spring Cloud",
      "Terraform",
      "bcfg2",
      "configuration management",
      "managing configs",
      "managing configurations"
    ]
  },
  {
    "value": "customer management",
    "synonyms": [
      "Account Owner",
      "Asiakaskokemuksen hallinta",
      "Asiakkuuksien hallinta ja asiakassuhdemarkkinointi",
      "Asiakkuuksien johtaminen",
      "Business development",
      "CEM",
      "CRM",
      "Customer Experience Management",
      "Customer Relationship Management",
      "Customer Service",
      "Digitaalinen asiakkuudenhallinta",
      "HubSpot",
      "Limesurvey",
      "Magento",
      "Microsoft Dynamics CRM",
      "Multi-channel business",
      "Realtimeboard",
      "Salesforce.com",
      "SugarCRM",
      "customer management",
      "eCommerce"
    ]
  },
  {
    "value": "debugging",
    "synonyms": [
      "DDD",
      "debugging",
      "gdb",
      "valgrind"
    ]
  },
  {
    "value": "decompilers",
    "synonyms": [
      "JAD",
      "Mocha",
      "decompiler",
      "decompilers",
      "mocha decompiler"
    ]
  },
  {
    "value": "dependency management",
    "synonyms": [
      "apache ivy",
      "dependency management",
      "manage dependencies",
      "managing dependencies",
      "npm",
      "pip",
      "yarn"
    ]
  },
  {
    "value": "design",
    "synonyms": [
      "A11Y",
      "Abstract",
      "Accessibility",
      "Adobe XD",
      "Branding",
      "Business design",
      "Concept design",
      "Data-driven design",
      "Design",
      "Design Systems",
      "Docz",
      "Facilitation",
      "Frontify",
      "Innovation process",
      "Interaction design",
      "Pelisuunnittelu",
      "React-styleguidist",
      "Service Design",
      "Typography",
      "User-centric design",
      "Visual Design",
      "design"
    ]
  },
  {
    "value": "development tools",
    "synonyms": [
      "ABI compliance checker",
      "AWS CodeBuild",
      "AWS CodeDeploy",
      "AWS CodePipeline",
      "Adobe Dreamweaver",
      "Android Studio",
      "Angular-CLI",
      "Apache Ant",
      "AppCode",
      "ArcObjects",
      "Babel",
      "Bower",
      "Brunch",
      "C++ Builder",
      "Carbide",
      "CodeWarrior",
      "Compaq Visual Fortran",
      "Compojure",
      "Docker",
      "Docker Compose",
      "Docker Distribution",
      "Docker Swarm",
      "Eclipse",
      "Emacs",
      "FindBugs",
      "Flash",
      "GNU Make",
      "Gradle",
      "Grunt",
      "Gulp",
      "IBM VisualAge for Java",
      "IntelliJ IDEA",
      "JCreator",
      "JDeveloper",
      "Karma",
      "Maven",
      "NUnit",
      "NetBeans",
      "Oracle SQL Developer",
      "Osaaminen2",
      "PMD",
      "Packer",
      "Papyrus",
      "Parcel",
      "PhpStorm",
      "Proguard",
      "React Router",
      "Redux Form",
      "Rider",
      "Rollup.js",
      "RxJava",
      "S40",
      "SQL Server Business Intelligence Development Studio",
      "Serverless Framework",
      "Unity3D",
      "Vagrant",
      "Vim",
      "Visual Studio",
      "Visual Studio Code",
      "WSAD",
      "WebSphere Studio Application Developer",
      "Webpack",
      "Xcode",
      "development tools",
      "npm"
    ]
  },
  {
    "value": "ecommerce",
    "synonyms": [
      "e-commerce",
      "ecommerce",
      "magento",
      "shopify",
      "woocommerce"
    ]
  },
  {
    "value": "education",
    "synonyms": [
      "coaching",
      "mentoring",
      "perusopetus",
      "teaching",
      "teaching and training",
      "training"
    ]
  },
  {
    "value": "error management",
    "synonyms": [
      "bugzilla",
      "error management",
      "error reporting",
      "sentry"
    ]
  },
  {
    "value": "ethics",
    "synonyms": [
      "accountability",
      "eettinen arviointi",
      "ethical evaluation",
      "ethics",
      "responsibility",
      "vastuullisuus"
    ]
  },
  {
    "value": "financial administration",
    "synonyms": [
      "Budgeting",
      "Marketing",
      "Matkanhallinta ja siihen liittyvät järjestelmät",
      "Microsoft Dynamics 365",
      "Microsoft Dynamics AX",
      "Microsoft Dynamics NAV",
      "Treasuryjärjestelmät",
      "Treasurytoiminta",
      "Treasurytoiminta ja -järjestelmät",
      "financial admin",
      "financial administration"
    ]
  },
  {
    "value": "frameworks",
    "synonyms": [
      ".NET Core",
      ".NET Framework",
      "ASP",
      "ASP.NET MVC",
      "ASP.Net",
      "ActiveX",
      "Angular 4",
      "Apache CXF",
      "Apache Struts 2",
      "Backbone.js",
      "Can.js",
      "Chalice",
      "Compojure API",
      "Cordova",
      "DirectX",
      "Django",
      "Django Rest Framework",
      "Dojo",
      "Echo Web Framework",
      "Electron",
      "EmberJS",
      "Express",
      "Ext JS",
      "Finatra",
      "Guice",
      "Hapi.js",
      "IBM Maximo",
      "Ionic",
      "JAX-RS",
      "JBoss Seam",
      "Java EE",
      "Knockout.js",
      "Koa",
      "Laravel",
      "Lift Framework",
      "MFC",
      "NestJS",
      "Play Framework",
      "Prototype.js",
      "Pylons",
      "Qt",
      "RESTEasy",
      "React",
      "React Native",
      "Ruby on Rails",
      "S40",
      "S60",
      "SDL",
      "Sails.js",
      "Scalatra",
      "Silex",
      "Slim framework",
      "Spray",
      "Spring Cloud",
      "Spring Data",
      "Spring Framework",
      "Spring MVC",
      "Spring Portlet MVC",
      "Spring Security",
      "Spring WebFlux",
      "Spring Webflow",
      "Spring.net",
      "Stripes",
      "Struts",
      "Svelte",
      "Symfony",
      "Tornado",
      "Windows Forms",
      "Zend Framework",
      "dropwizard",
      "frameworks",
      "web3.js"
    ]
  },
  {
    "value": "frontend development",
    "synonyms": [
      "Chromeless",
      "Docz",
      "MobX State Router",
      "React",
      "Redux observable",
      "Storybook",
      "UI Development",
      "Vue.js",
      "Vuetify",
      "front end",
      "front-end",
      "front-end dev",
      "frontend",
      "frontend dev",
      "frontend development",
      "p5.js"
    ]
  },
  {
    "value": "geolocation",
    "synonyms": [
      "Aplicom",
      "Cell-based positioning",
      "CesiumJS",
      "ESRI ArcGIS server",
      "ESRI ArcMap",
      "ESRI MapObjects",
      "ESRI SDE",
      "ESRI Shapefile",
      "ESRI Web ADF",
      "Fleet Management Protocol",
      "GDAL",
      "GIS",
      "Garmin FMI",
      "GeoExt",
      "GeoServer",
      "GeoTIFF",
      "Geospatial Data Abstraction Library",
      "Google Maps API",
      "IHO S-52",
      "IHO S-57",
      "MapXtreme Java",
      "OGC-standards",
      "OpenLayers",
      "Oskari",
      "QGIS",
      "Source Control Management",
      "Spatial information",
      "Telic",
      "WFS",
      "WFS-T",
      "WMS",
      "Wi-Fi positioning",
      "geographic information systems",
      "geolocation"
    ]
  },
  {
    "value": "graphics",
    "synonyms": [
      "Art",
      "Core Graphics",
      "Highcharts",
      "ImageMagick",
      "JOGL",
      "Java 2D",
      "Microsoft Illustrator",
      "OpenGL",
      "PostScript",
      "graphics",
      "pixi.js"
    ]
  },
  {
    "value": "installation management",
    "synonyms": [
      "Eureka",
      "InstallShield",
      "installation management"
    ]
  },
  {
    "value": "integrations",
    "synonyms": [
      "Apache CXF",
      "Apache Camel",
      "Apache HTTP Client",
      "Apache Karaf",
      "Apache Wink",
      "Ensemble",
      "Frends",
      "Frends Integration Platforms",
      "Fuse ESB",
      "Google Analytics API",
      "HL7",
      "HornetQ",
      "IBM Integration BUS",
      "IBM Maximo",
      "Integrations architecture",
      "JMS",
      "JNBridge",
      "Java Message Service",
      "Java Native Interface",
      "Jersey",
      "Laiteintegraatio",
      "MSMQ",
      "Magento",
      "Microservices",
      "Minimikontekstinhallinta",
      "Mule ESB",
      "OLE",
      "OSB",
      "OpenESB",
      "OpenMQ",
      "Oracle SOA Suite 10g",
      "Oracle Service Bus",
      "Ponton",
      "REST",
      "RSS",
      "RabbitMQ",
      "RedHat JBoss Fuse",
      "SOAP",
      "SW integration",
      "ServiceMix",
      "Sonic",
      "Sonic ESB",
      "Sonic MQ",
      "SonicXQ",
      "Spring Integration",
      "Spring Web Services",
      "System integrations",
      "TCP/IP",
      "TradeXpress",
      "Twitter API",
      "WSDL",
      "WSO2",
      "Web Services",
      "WebSphere mq",
      "X-Road",
      "asp.net web api 2",
      "eCommerce",
      "integration platforms",
      "integrations"
    ]
  },
  {
    "value": "logging",
    "synonyms": [
      "AWS CloudWatch",
      "Cloud Watch",
      "CloudWatch",
      "Filebeat",
      "Log4j",
      "Logstash",
      "SLF4J",
      "logging"
    ]
  },
  {
    "value": "management",
    "synonyms": [
      "Management Science",
      "Operations Research",
      "Partner Collaboration",
      "Service management",
      "management"
    ]
  },
  {
    "value": "marketing",
    "synonyms": [
      "analyse market",
      "analyse markets",
      "analysing market",
      "analysing markets",
      "copywriting",
      "hubspot",
      "market analysis",
      "marketing",
      "markki-analyysi",
      "markkinointi",
      "photography"
    ]
  },
  {
    "value": "testing",
    "synonyms": [
      "Appium",
      "Arquillian",
      "AssertJ",
      "AutoFixture",
      "Browserstack",
      "Capybara",
      "Chai",
      "Chromeless",
      "Clojure Test",
      "Conformance Testing",
      "CruiseControl",
      "Cypress",
      "DBUnit",
      "DUnit",
      "Enzyme",
      "Espresso",
      "Exploratory testing",
      "HP Quality Center",
      "Integration testing",
      "JBehave",
      "JDave",
      "JUnit",
      "Jasmine",
      "JavaTest Harness",
      "Jest",
      "Karma",
      "Load testing",
      "Locust",
      "Mercury QuickTest Professional",
      "Mercury TestDirector",
      "Mercury WinRunner",
      "Microsoft unit test framework",
      "Mocha",
      "Nightwatch.js",
      "PHPUnit",
      "Penetration Testing",
      "Protractor",
      "QUnit",
      "RSpec",
      "Robot Framework",
      "ScalaT",
      "Selenide",
      "Selenium",
      "Selenium IDE",
      "Selenium WebDriver",
      "SilkTest",
      "System Testing",
      "Test planning",
      "TestCafe",
      "TestFLO",
      "TestNG",
      "Testauksen hallinta",
      "Testing",
      "Unit Testing",
      "Unit testing",
      "User Acceptance Testing",
      "User testing",
      "Xray",
      "Xray - Test Management for Jira",
      "jMock",
      "mockito",
      "moq",
      "specs2",
      "test management",
      "xUnit"
    ]
  },
  {
    "value": "versioncontrol",
    "synonyms": [
      "Bitbucket",
      "CVS",
      "ClearCase",
      "Concurrent versions system",
      "Gerrit",
      "Git",
      "GitHub",
      "GitLab",
      "IBM Rational Change",
      "Julkaisunhallinta",
      "Mercurial",
      "Microsoft Visual SourceSafe",
      "Panvalet",
      "Perforce",
      "Phabricator",
      "RCS",
      "Revision Control System",
      "SVN",
      "Stash",
      "Subversion",
      "Synergy",
      "Team Foundation Server",
      "bitbucket",
      "git",
      "github",
      "gitlab",
      "phabricator",
      "versioncontrol"
    ]
  },
  {
    "value": "video editing",
    "synonyms": [
      "EAM",
      "adobe after effects",
      "adobe premiere pro",
      "after effects",
      "premiere pro",
      "video editing"
    ]
  }
]