[
  {
    "value": "gofore",
    "synonyms": [
      "gofore",
      "gofore group",
      "goforegroup",
      "gofure",
      "goofore",
      "goufore",
      "gufore",
      "your company"
    ]
  },
  {
    "value": "ruissalo",
    "synonyms": [
      "even space",
      "ruissalo",
      "ruissalo harbor",
      "ruissalon telakka",
      "russalo"
    ]
  },
  {
    "value": "shift",
    "synonyms": [
      "shift",
      "shift business festival",
      "shift festival",
      "the shift",
      "this event",
      "this festival"
    ]
  }
]