[
  {
    "value": "avalanche",
    "synonyms": [
      "avalanche",
      "lumivyöry",
      "snowslide"
    ]
  },
  {
    "value": "cloudy",
    "synonyms": [
      "cloudy"
    ]
  },
  {
    "value": "cold",
    "synonyms": [
      "arctic",
      "bitter",
      "bitterly cold",
      "chill",
      "chilly",
      "cold",
      "cool",
      "crip",
      "freezing",
      "frosty",
      "ice-cold",
      "icy-cold",
      "nippy",
      "polar"
    ]
  },
  {
    "value": "drought",
    "synonyms": [
      "drought"
    ]
  },
  {
    "value": "foggy",
    "synonyms": [
      "foggy"
    ]
  },
  {
    "value": "hail",
    "synonyms": [
      "graupel",
      "hail",
      "hailing",
      "ice pellets",
      "rae",
      "raesade",
      "rakeet",
      "sataa rakeita",
      "snow pellets",
      "soft hail"
    ]
  },
  {
    "value": "hot",
    "synonyms": [
      "Indian summer",
      "baking hot",
      "blazing hot",
      "flaming hot",
      "heat",
      "heatwave",
      "hot",
      "intiaanikesä",
      "melting",
      "oven-like",
      "really warm",
      "roasting",
      "scorching",
      "searing",
      "sweaty",
      "sweltering",
      "tropical"
    ]
  },
  {
    "value": "rainy",
    "synonyms": [
      "cat-and-dog weather",
      "downpour",
      "drizzle",
      "drizzly",
      "pouring rain",
      "rainfall",
      "raining",
      "rainy",
      "showery",
      "wet"
    ]
  },
  {
    "value": "sleet",
    "synonyms": [
      "rain and snow mixed",
      "raining and snowing",
      "sleet"
    ]
  },
  {
    "value": "snow",
    "synonyms": [
      "snow",
      "snowfall",
      "snowing"
    ]
  },
  {
    "value": "snowstorm",
    "synonyms": [
      "blizzard",
      "snowstorm"
    ]
  },
  {
    "value": "stormy",
    "synonyms": [
      "hurricane",
      "storm",
      "stormy",
      "tornado",
      "typhoon"
    ]
  },
  {
    "value": "sunny",
    "synonyms": [
      "sunlit",
      "sunny",
      "sunshine",
      "sunshiny"
    ]
  },
  {
    "value": "thunder",
    "synonyms": [
      "thunder",
      "thunderstorm",
      "ukkonen",
      "ukkossade",
      "ukkostaa"
    ]
  },
  {
    "value": "warm",
    "synonyms": [
      "comfortable",
      "cosy",
      "mellow",
      "summery",
      "toasty",
      "warm"
    ]
  },
  {
    "value": "wildfire",
    "synonyms": [
      "wildfire"
    ]
  },
  {
    "value": "windy",
    "synonyms": [
      "windy"
    ]
  }
]